clouds.all,coord.lat,coord.lon,dt,id,main.grnd_level,main.humidity,main.pressure,main.sea_level,main.temp,main.temp_max,main.temp_min,name,rain,rain.1h,rain.3h,snow,snow.3h,sys.country,weather,wind.deg,wind.gust,wind.speed
92,66.3167,-179.1667,1553551321,4031742,941.57,76,995.22,995.22,5.85,5.85,5.85,Egvekinot,,,,,,RU,"[{'id': 804, 'main': 'Clouds', 'description': 'overcast clouds', 'icon': '04n'}]",23.0003,,5.06
0,-24.8667,113.6333,1553547600,2074865,,64,1009.0,,75.2,75.2,75.2,Carnarvon,,,,,,AU,"[{'id': 800, 'main': 'Clear', 'description': 'Sky is Clear', 'icon': '01n'}]",130.0,,5.82
0,-35.0248,117.8836,1553547600,2077963,,93,1023.0,,53.6,53.6,53.6,Albany,,,,,,AU,"[{'id': 800, 'main': 'Clear', 'description': 'Sky is Clear', 'icon': '01n'}]",60.0,,9.17
90,62.4541,-114.3774,1553551074,6185377,,74,1010.0,,34.29,36.0,33.01,Yellowknife,,,,,,CA,"[{'id': 804, 'main': 'Clouds', 'description': 'overcast clouds', 'icon': '04d'}]",300.0,,11.41
0,18.6201,-100.3453,1553551324,3981460,888.77,22,1007.42,1007.42,89.91,89.91,89.91,Coahuayana,,,,,,MX,"[{'id': 800, 'main': 'Clear', 'description': 'Sky is Clear', 'icon': '01d'}]",252.0,,2.93
76,3.0707,172.7902,1553551324,2110227,1012.05,100,1012.1,1012.1,82.44,82.44,82.44,Butaritari,,,,,,KI,"[{'id': 803, 'main': 'Clouds', 'description': 'broken clouds', 'icon': '04n'}]",72.0003,,13.22
0,-17.8776,36.8902,1553547600,1028434,,88,1011.0,,77.0,77.0,77.0,Quelimane,,,,,,MZ,"[{'id': 800, 'main': 'Clear', 'description': 'Sky is Clear', 'icon': '01n'}]",138.5,,3.49
92,20.2009,1.014,1553551325,2449893,955.89,34,1013.98,1013.98,78.84,78.84,78.84,Tessalit,,,,,,ML,"[{'id': 804, 'main': 'Clouds', 'description': 'overcast clouds', 'icon': '04n'}]",339.0,,5.95
88,-33.5906,26.891,1553551168,964432,,88,1020.0,,66.0,66.0,66.0,Port Alfred,,,0.28,,,ZA,"[{'id': 500, 'main': 'Rain', 'description': 'light rain', 'icon': '10n'}]",197.0,1.79,1.01
90,60.7922,-161.7559,1553547360,5880568,,81,1008.0,,43.25,44.6,42.8,Bethel,,,,,,US,"[{'id': 500, 'main': 'Rain', 'description': 'light rain', 'icon': '10d'}]",150.0,17.5,28.86
40,-54.807,-68.3074,1553547600,3833367,,81,1013.0,,44.6,44.6,44.6,Ushuaia,,,,,,AR,"[{'id': 521, 'main': 'Rain', 'description': 'proximity shower rain', 'icon': '09d'}]",230.0,19.0,31.09
76,-5.5667,32.8833,1553551328,149929,881.17,97,1010.74,1010.74,63.63,63.63,63.63,Kisanga,,,6.855,,,TZ,"[{'id': 501, 'main': 'Rain', 'description': 'moderate rain', 'icon': '10n'}]",196.0,,2.15
88,-13.1945,49.05,1553551328,1082243,986.29,99,1009.78,1009.78,73.53,73.53,73.53,Ambilobe,,,2.66,,,MG,"[{'id': 500, 'main': 'Rain', 'description': 'light rain', 'icon': '10n'}]",127.5,,3.15
68,52.1114,26.1026,1553551328,623549,992.45,69,1009.78,1009.78,38.97,38.97,38.97,Pinsk,,,0.16,,,BY,"[{'id': 500, 'main': 'Rain', 'description': 'light rain', 'icon': '10n'}]",315.0,,7.74
20,-33.6445,115.3489,1553551219,2075265,,44,1012.0,,54.61,57.0,51.01,Busselton,,,,,,AU,"[{'id': 801, 'main': 'Clouds', 'description': 'few clouds', 'icon': '02n'}]",75.5003,,19.71
80,-23.1203,-134.9692,1553551329,4030556,1015.81,100,1015.82,1015.82,78.57,78.57,78.57,Rikitea,,,0.33,,,PF,"[{'id': 500, 'main': 'Rain', 'description': 'light rain', 'icon': '10d'}]",21.5003,,9.42
12,67.4667,78.7,1553551329,1489853,1012.93,84,1016.62,1016.62,24.21,24.21,24.21,Tazovskiy,,,,,,RU,"[{'id': 801, 'main': 'Clouds', 'description': 'few clouds', 'icon': '02n'}]",213.0,,14.45
75,-33.918,25.5701,1553547600,964420,,93,1021.0,,62.6,62.6,62.6,Port Elizabeth,,,,,,ZA,"[{'id': 803, 'main': 'Clouds', 'description': 'broken clouds', 'icon': '04n'}]",240.0,,4.7
0,27.315,-102.3968,1553551330,3994534,858.77,39,1012.94,1012.94,77.49,77.49,77.49,Ocampo,,,0.105,,,MX,"[{'id': 500, 'main': 'Rain', 'description': 'light rain', 'icon': '10d'}]",100.5,,9.19
92,-46.6,168.3333,1553551209,2206939,,96,1003.0,,59.0,59.0,59.0,Bluff,,,5.76,,,NZ,"[{'id': 501, 'main': 'Rain', 'description': 'moderate rain', 'icon': '10n'}]",228.0,5.36,5.99
0,-1.0367,37.0775,1553551298,179330,,52,1021.0,,64.8,69.8,61.0,Thika,,,,,,KE,"[{'id': 800, 'main': 'Clear', 'description': 'Sky is Clear', 'icon': '01n'}]",30.0,,8.05
76,-3.3597,135.505,1553551332,1634614,936.93,94,1011.62,1011.62,67.05,67.05,67.05,Nabire,,,,,,ID,"[{'id': 803, 'main': 'Clouds', 'description': 'broken clouds', 'icon': '04n'}]",155.0,,1.92
0,71.6366,128.8685,1553551332,2015306,1001.17,31,1020.7,1020.7,-21.7,-21.7,-21.7,Tiksi,,,,,,RU,"[{'id': 800, 'main': 'Clear', 'description': 'Sky is Clear', 'icon': '01n'}]",213.0,,2.93
92,65.6145,-37.6368,1553547000,3424607,,74,994.0,,28.4,28.4,28.4,Tasiilaq,,,,,,GL,"[{'id': 804, 'main': 'Clouds', 'description': 'overcast clouds', 'icon': '04d'}]",100.0,,25.28
0,-20.2209,-70.1431,1553547600,3887127,,60,1011.0,,73.4,73.4,73.4,Iquique,,,,,,CL,"[{'id': 800, 'main': 'Clear', 'description': 'Sky is Clear', 'icon': '01d'}]",230.0,,11.41
75,19.7072,-155.0817,1553551111,5855927,,73,1021.0,,69.84,75.2,64.99,Hilo,,2.54,,,,US,"[{'id': 501, 'main': 'Rain', 'description': 'moderate rain', 'icon': '10d'}]",80.0,,12.75
0,-42.4824,-73.7644,1553547600,3896218,,63,1020.0,,60.8,60.8,60.8,Castro,,,,,,CL,"[{'id': 800, 'main': 'Clear', 'description': 'Sky is Clear', 'icon': '01d'}]",150.0,,8.05
48,-36.3146,-57.6761,1553551334,3435038,1019.33,70,1020.26,1020.26,62.19,62.19,62.19,Dolores,,,,,,AR,"[{'id': 802, 'main': 'Clouds', 'description': 'scattered clouds', 'icon': '03n'}]",161.5,,13.78
75,31.6941,-89.1307,1553550904,4433039,,57,1016.0,,75.63,77.0,75.2,Laurel,,,,,,US,"[{'id': 803, 'main': 'Clouds', 'description': 'broken clouds', 'icon': '04d'}]",260.0,,10.29
88,-15.9388,-5.7168,1553551336,3370903,1014.77,100,1014.82,1014.82,76.86,76.86,76.86,Jamestown,,,,,,SH,"[{'id': 804, 'main': 'Clouds', 'description': 'overcast clouds', 'icon': '04n'}]",114.0,,16.46
20,61.2767,108.0108,1553551337,2012956,985.09,78,1028.1,1028.1,3.96,3.96,3.96,Yerbogachen,,,,,,RU,"[{'id': 801, 'main': 'Clouds', 'description': 'few clouds', 'icon': '02n'}]",264.0,,5.06
0,52.1408,-10.2689,1553551337,2964782,1030.29,98,1036.86,1036.86,45.99,45.99,45.99,Dingle,,,,,,IE,"[{'id': 800, 'main': 'Clear', 'description': 'Sky is Clear', 'icon': '01n'}]",130.0,,3.49
68,69.7028,170.2747,1553551338,2122090,999.01,87,1006.86,1006.86,4.14,4.14,4.14,Pevek,,,,,,RU,"[{'id': 803, 'main': 'Clouds', 'description': 'broken clouds', 'icon': '04n'}]",10.5003,,7.96
44,-43.2992,-65.1057,1553551338,3839307,1011.89,46,1022.9,1022.9,65.61,65.61,65.61,Rawson,,,,,,AR,"[{'id': 802, 'main': 'Clouds', 'description': 'scattered clouds', 'icon': '03d'}]",59.5003,,10.2
36,14.1234,15.3108,1553551338,2428394,971.81,21,1008.78,1008.78,80.82,80.82,80.82,Mao,,,,,,TD,"[{'id': 802, 'main': 'Clouds', 'description': 'scattered clouds', 'icon': '03n'}]",21.0003,,9.19
0,-26.6481,15.1594,1553551339,3355672,997.81,73,1012.14,1012.14,62.73,62.73,62.73,Luderitz,,,,,,NA,"[{'id': 800, 'main': 'Clear', 'description': 'Sky is Clear', 'icon': '01n'}]",169.5,,17.47
75,-16.9205,145.7719,1553550916,2172797,,100,1013.0,,74.48,77.0,70.0,Cairns,,3.3,,,,AU,"[{'id': 522, 'main': 'Rain', 'description': 'heavy intensity shower rain', 'icon': '09n'}]",150.0,,5.17
40,33.6956,-78.8901,1553551087,4588718,,43,1012.0,,71.49,75.99,66.0,Myrtle Beach,,,,,,US,"[{'id': 721, 'main': 'Haze', 'description': 'haze', 'icon': '50d'}]",190.0,,6.93
0,37.1363,-8.4541,1553551332,2267254,,63,1012.0,,60.89,63.0,55.99,Lagoa,,,,,,PT,"[{'id': 800, 'main': 'Clear', 'description': 'Sky is Clear', 'icon': '01n'}]",30.0,,8.05
1,42.3459,-71.5523,1553551210,4943170,,15,1016.0,,45.59,48.99,42.01,Marlborough,,,,,,US,"[{'id': 800, 'main': 'Clear', 'description': 'sky is clear', 'icon': '01d'}]",330.0,,6.93
92,65.5842,-170.989,1553551341,4031637,989.17,95,993.22,993.22,32.85,32.85,32.85,Lavrentiya,,,,,,RU,"[{'id': 804, 'main': 'Clouds', 'description': 'overcast clouds', 'icon': '04d'}]",120.0,,28.77
100,-7.9334,-14.4167,1553551342,2411397,1011.41,100,1011.46,1011.46,81.0,81.0,81.0,Georgetown,,,,,,SH,"[{'id': 804, 'main': 'Clouds', 'description': 'overcast clouds', 'icon': '04n'}]",124.0,,13.11
20,50.1001,-91.9191,1553547600,6148373,,42,1027.0,,32.0,32.0,32.0,Sioux Lookout,,,,,,CA,"[{'id': 801, 'main': 'Clouds', 'description': 'few clouds', 'icon': '02d'}]",310.0,,6.93
0,42.7744,-9.0576,1553551311,3115824,,66,1022.0,,55.22,64.0,50.0,Muros,,,,,,ES,"[{'id': 800, 'main': 'Clear', 'description': 'Sky is Clear', 'icon': '01n'}]",70.0,,6.93
90,59.7035,30.7861,1553551236,546105,,91,1000.0,,32.61,34.0,32.0,Nikolskoye,,,,,,RU,"[{'id': 620, 'main': 'Snow', 'description': 'light shower snow', 'icon': '13n'}]",280.0,,11.18
100,-20.7371,116.8479,1553551344,6620339,995.01,96,1007.94,1007.94,75.06,75.06,75.06,Karratha,,,5.155,,,AU,"[{'id': 501, 'main': 'Rain', 'description': 'moderate rain', 'icon': '10n'}]",67.0003,,17.13
90,49.7839,-74.8569,1553551080,5919850,,66,1011.0,,10.4,10.4,10.4,Chapais,,,,,,CA,"[{'id': 804, 'main': 'Clouds', 'description': 'overcast clouds', 'icon': '04d'}]",300.0,10.8,12.75
8,-36.7149,142.2018,1553551345,2163055,1005.33,71,1019.82,1019.82,53.64,53.64,53.64,Horsham,,,,,,AU,"[{'id': 800, 'main': 'Clear', 'description': 'sky is clear', 'icon': '02n'}]",246.0,,10.2
92,33.7241,135.993,1553551345,1847947,1009.09,100,1014.94,1014.94,50.94,50.94,50.94,Shingu,,,4.445,,,JP,"[{'id': 501, 'main': 'Rain', 'description': 'moderate rain', 'icon': '10n'}]",1.00031,,11.65
92,21.4612,-71.1419,1553551213,3576994,1014.69,100,1014.74,1014.74,72.72,72.72,72.72,Cockburn Town,,,2.785,,,TC,"[{'id': 500, 'main': 'Rain', 'description': 'light rain', 'icon': '10d'}]",91.5003,,12.77
75,-17.2675,145.4762,1553550916,2177541,,100,1013.0,,74.64,77.0,70.0,Atherton,,,,,,AU,"[{'id': 522, 'main': 'Rain', 'description': 'heavy intensity shower rain', 'icon': '09n'}]",60.0003,,4.61
92,-2.5745,150.7967,1553551346,2094342,1010.93,100,1012.02,1012.02,78.75,78.75,78.75,Kavieng,,,5.56,,,PG,"[{'id': 501, 'main': 'Rain', 'description': 'moderate rain', 'icon': '10n'}]",257.5,,6.06
1,37.4699,-105.8697,1553551271,5411479,,14,1026.0,,53.04,54.0,51.01,Alamosa,,,,,,US,"[{'id': 800, 'main': 'Clear', 'description': 'sky is clear', 'icon': '01d'}]",214.5,,3.49
0,-33.3484,149.9844,1553551328,2152668,,68,1015.0,,52.7,55.0,50.0,Portland,,,,,,AU,"[{'id': 800, 'main': 'Clear', 'description': 'Sky is Clear', 'icon': '01n'}]",238.0,9.83,7.0
0,41.1231,80.2644,1553551348,1529660,855.33,55,1022.18,1022.18,29.52,29.52,29.52,Aksu,,,,,,CN,"[{'id': 800, 'main': 'Clear', 'description': 'Sky is Clear', 'icon': '01n'}]",347.0,,5.39
20,67.5537,63.776,1553551348,1486910,985.89,81,1006.42,1006.42,24.57,24.57,24.57,Komsomolskiy,,,,,,RU,"[{'id': 801, 'main': 'Clouds', 'description': 'few clouds', 'icon': '02n'}]",172.0,,10.09
75,40.5974,-124.1561,1553551330,5563839,,100,1017.0,,51.51,55.99,48.0,Fortuna,,1.65,,,,US,"[{'id': 501, 'main': 'Rain', 'description': 'moderate rain', 'icon': '10d'}, {'id': 701, 'main': 'Mist', 'description': 'mist', 'icon': '50d'}]",140.0,,5.82
40,-20.3112,118.5801,1553549400,2063042,,88,1009.0,,80.6,80.6,80.6,Port Hedland,,,,,,AU,"[{'id': 802, 'main': 'Clouds', 'description': 'scattered clouds', 'icon': '03n'}]",20.0,,14.99
56,-8.2789,-70.7519,1553551350,3661980,984.05,92,1006.18,1006.18,79.83,79.83,79.83,Tamandare,,,7.04,,,BR,"[{'id': 501, 'main': 'Rain', 'description': 'moderate rain', 'icon': '10d'}]",67.5003,,3.04
90,39.5062,-90.4016,1553551344,4252975,,50,1024.0,,53.67,55.4,52.0,Barrow,,,,,,US,"[{'id': 804, 'main': 'Clouds', 'description': 'overcast clouds', 'icon': '04d'}]",340.0,,12.75
0,-0.7394,-90.3518,1553551299,3652764,,70,1008.0,,81.95,84.2,79.0,Puerto Ayora,,,,,,EC,"[{'id': 800, 'main': 'Clear', 'description': 'Sky is Clear', 'icon': '01d'}]",70.0,,11.41
75,-21.2001,-175.2,1553547600,4032243,,74,1016.0,,80.6,80.6,80.6,Vaini,,,,,,TO,"[{'id': 803, 'main': 'Clouds', 'description': 'broken clouds', 'icon': '04d'}]",100.0,,11.41
92,66.9395,-53.6735,1553551352,3419842,947.65,86,983.54,983.54,21.06,21.06,21.06,Sisimiut,,,,,,GL,"[{'id': 804, 'main': 'Clouds', 'description': 'overcast clouds', 'icon': '04d'}]",228.0,,2.04
0,-17.0293,-72.0156,1553551352,3934707,907.89,48,1010.26,1010.26,75.24,75.24,75.24,Mollendo,,,,,,PE,"[{'id': 800, 'main': 'Clear', 'description': 'Sky is Clear', 'icon': '01d'}]",196.0,,3.71
0,-22.9663,-42.0245,1553547600,3471451,,78,1012.0,,79.66,80.6,78.8,Arraial do Cabo,,,,,,BR,"[{'id': 800, 'main': 'Clear', 'description': 'Sky is Clear', 'icon': '01n'}]",90.0,,5.82
0,77.484,-69.3633,1553551353,3831208,962.53,69,996.14,996.14,-6.49,-6.49,-6.49,Qaanaaq,,,,,,GL,"[{'id': 800, 'main': 'Clear', 'description': 'Sky is Clear', 'icon': '01d'}]",345.0,,9.75
20,-4.6167,55.45,1553547600,241131,,79,1010.0,,84.2,84.2,84.2,Victoria,,,,,,SC,"[{'id': 801, 'main': 'Clouds', 'description': 'few clouds', 'icon': '02n'}]",260.0,,4.7
0,45.4548,41.9756,1553549400,565289,,59,1015.0,,35.17,35.6,35.01,Donskoye,,,,,,RU,"[{'id': 800, 'main': 'Clear', 'description': 'Sky is Clear', 'icon': '01n'}]",130.0,,4.47
0,32.8752,13.1875,1553551354,2210247,1017.17,97,1018.26,1018.26,60.84,60.84,60.84,Tripoli,,,,,,LY,"[{'id': 800, 'main': 'Clear', 'description': 'Sky is Clear', 'icon': '01n'}]",173.5,,7.18
64,-33.0153,27.9116,1553551354,1006984,1014.53,100,1019.1,1019.1,69.39,69.39,69.39,East London,,,,,,ZA,"[{'id': 803, 'main': 'Clouds', 'description': 'broken clouds', 'icon': '04n'}]",214.0,,13.56
0,-33.929,18.4174,1553551090,3369157,,77,1020.0,,62.8,64.0,62.01,Cape Town,,,,,,ZA,"[{'id': 800, 'main': 'Clear', 'description': 'Sky is Clear', 'icon': '01n'}]",180.0,,24.16
92,71.9801,102.4743,1553551355,2022572,1007.65,85,1012.42,1012.42,20.52,20.52,20.52,Khatanga,,,,,,RU,"[{'id': 804, 'main': 'Clouds', 'description': 'overcast clouds', 'icon': '04n'}]",236.0,,15.01
75,54.7698,-101.879,1553547600,5954718,,40,1024.0,,35.6,35.6,35.6,Flin Flon,,,,,,CA,"[{'id': 803, 'main': 'Clouds', 'description': 'broken clouds', 'icon': '04d'}]",190.0,,12.75
75,35.7333,140.8333,1553551339,2112802,,87,1013.0,,45.48,48.2,41.0,Hasaki,,,,,,JP,"[{'id': 803, 'main': 'Clouds', 'description': 'broken clouds', 'icon': '04n'}]",10.0,,8.05
40,43.6521,51.158,1553549400,610612,,100,1020.0,,33.8,33.8,33.8,Aktau,,,,,,KZ,"[{'id': 802, 'main': 'Clouds', 'description': 'scattered clouds', 'icon': '03n'}]",30.0,,4.47
0,-28.55,16.4333,1553551357,3354071,1015.33,90,1015.98,1015.98,61.83,61.83,61.83,Oranjemund,,,,,,NA,"[{'id': 800, 'main': 'Clear', 'description': 'Sky is Clear', 'icon': '01n'}]",154.0,,27.2
0,-22.2764,166.4572,1553549400,2139521,,65,1015.0,,78.8,78.8,78.8,Noumea,,,,,,NC,"[{'id': 800, 'main': 'Clear', 'description': 'Sky is Clear', 'icon': '01n'}]",,,3.36
88,69.3833,178.4167,1553551357,2123814,1003.01,90,1005.78,1005.78,9.36,9.36,9.36,Leningradskiy,,,,,,RU,"[{'id': 804, 'main': 'Clouds', 'description': 'overcast clouds', 'icon': '04n'}]",285.0,,9.64
8,28.6585,-17.9183,1553549400,2514651,,72,1008.0,,62.6,62.6,62.6,Los Llanos de Aridane,,,,,,ES,"[{'id': 800, 'main': 'Clear', 'description': 'sky is clear', 'icon': '02n'}]",20.0,,8.05
75,-20.5167,57.5167,1553551147,933995,,94,1009.0,,75.94,77.0,75.0,Souillac,,,,,,MU,"[{'id': 521, 'main': 'Rain', 'description': 'proximity shower rain', 'icon': '09n'}]",150.5,,11.43
40,-2.8667,-44.0389,1553551200,3398381,,94,1011.0,,75.2,75.2,75.2,Morros,,,,,,BR,"[{'id': 802, 'main': 'Clouds', 'description': 'scattered clouds', 'icon': '03n'}]",10.0,,10.29
0,20.2478,-99.1891,1553551360,3515690,801.41,21,1009.98,1009.98,78.39,78.39,78.39,Progreso,,,,,,MX,"[{'id': 800, 'main': 'Clear', 'description': 'Sky is Clear', 'icon': '01d'}]",45.0003,,7.74
75,22.0752,-159.319,1553551259,5848280,,65,1021.0,,76.75,78.8,73.99,Kapaa,,,,,,US,"[{'id': 803, 'main': 'Clouds', 'description': 'broken clouds', 'icon': '04d'}]",50.0,,10.29
75,17.1994,-25.092,1553547600,3374346,,46,1014.0,,73.4,73.4,73.4,Ponta do Sol,,,,,,CV,"[{'id': 803, 'main': 'Clouds', 'description': 'broken clouds', 'icon': '04n'}]",100.0,,4.7
75,32.3817,-64.6781,1553551291,3573061,,55,1023.0,,64.42,66.2,63.0,Saint George,,,,,,BM,"[{'id': 803, 'main': 'Clouds', 'description': 'broken clouds', 'icon': '04d'}]",160.0,,6.93
92,-22.1161,14.2845,1553551331,3356832,,94,1013.0,,60.01,60.01,60.01,Henties Bay,,,,,,NA,"[{'id': 804, 'main': 'Clouds', 'description': 'overcast clouds', 'icon': '04n'}]",166.0,3.58,3.0
0,-24.6942,44.7477,1553551362,1078553,976.53,91,1008.98,1008.98,69.93,69.93,69.93,Ampanihy,,,,,,MG,"[{'id': 800, 'main': 'Clear', 'description': 'Sky is Clear', 'icon': '01n'}]",6.50031,,6.96
20,-5.8054,-35.2081,1553551200,3394023,,74,1010.0,,83.5,84.2,82.4,Natal,,,,,,BR,"[{'id': 801, 'main': 'Clouds', 'description': 'few clouds', 'icon': '02n'}]",110.0,,8.05
75,17.0149,54.0957,1553547000,286621,,74,1013.0,,78.8,78.8,78.8,Salalah,,,,,,OM,"[{'id': 803, 'main': 'Clouds', 'description': 'broken clouds', 'icon': '04n'}]",210.0,,9.17
75,55.7433,-97.8635,1553547600,6165406,,33,1024.0,,28.4,28.4,28.4,Thompson,,,,,,CA,"[{'id': 803, 'main': 'Clouds', 'description': 'broken clouds', 'icon': '04d'}]",180.0,,6.93
24,29.2909,117.2041,1553551364,1805680,1008.53,84,1021.02,1021.02,39.69,39.69,39.69,Jingdezhen,,,,,,CN,"[{'id': 801, 'main': 'Clouds', 'description': 'few clouds', 'icon': '02n'}]",92.0003,,2.71
24,-9.8281,124.4458,1553551364,1626703,938.69,97,1011.14,1011.14,69.21,69.21,69.21,Bone,,,,,,ID,"[{'id': 801, 'main': 'Clouds', 'description': 'few clouds', 'icon': '02n'}]",13.5003,,1.59
24,3.9359,102.3652,1553551365,1732602,977.65,97,1010.7,1010.7,71.37,71.37,71.37,Jerantut,,,,,,MY,"[{'id': 801, 'main': 'Clouds', 'description': 'few clouds', 'icon': '02n'}]",329.5,,2.04
92,-28.7745,32.0555,1553551365,962367,996.69,99,1014.3,1014.3,71.37,71.37,71.37,Richards Bay,,,1.605,,,ZA,"[{'id': 500, 'main': 'Rain', 'description': 'light rain', 'icon': '10n'}]",201.0,,12.21
0,-23.866,35.3844,1553551366,1045114,1006.05,100,1009.82,1009.82,75.6,75.6,75.6,Inhambane,,,,,,MZ,"[{'id': 800, 'main': 'Clear', 'description': 'Sky is Clear', 'icon': '01n'}]",96.5003,,5.39
90,64.4238,-173.2276,1553549400,4031574,,86,987.0,,33.8,33.8,33.8,Provideniya,,,,,,RU,"[{'id': 615, 'main': 'Snow', 'description': 'light rain and snow', 'icon': '13d'}]",130.0,15.0,22.37
20,38.5167,-28.7001,1553547600,3372707,,82,1023.0,,59.0,59.0,59.0,Ribeira Grande,,,,,,PT,"[{'id': 801, 'main': 'Clouds', 'description': 'few clouds', 'icon': '02n'}]",40.0,,6.93
0,-46.4276,-67.5191,1553551367,3863379,1003.33,67,1024.38,1024.38,58.77,58.77,58.77,Mar del Plata,,,,,,AR,"[{'id': 800, 'main': 'Clear', 'description': 'Sky is Clear', 'icon': '01d'}]",97.5003,,11.43
75,-21.3586,55.7679,1553551279,935215,,74,1009.0,,75.29,80.6,64.99,Saint-Philippe,,,,,,RE,"[{'id': 803, 'main': 'Clouds', 'description': 'broken clouds', 'icon': '04n'}]",40.0,,5.82
92,-34.0528,23.3716,1553551368,964712,1015.57,100,1022.26,1022.26,63.81,63.81,63.81,Plettenberg Bay,,,0.15,,,ZA,"[{'id': 500, 'main': 'Rain', 'description': 'light rain', 'icon': '10n'}]",268.0,,6.17
0,-8.8978,-35.1478,1553551368,3388456,1002.53,76,1011.1,1011.1,81.27,81.27,81.27,Sao Jose da Coroa Grande,,,,,,BR,"[{'id': 800, 'main': 'Clear', 'description': 'Sky is Clear', 'icon': '01n'}]",98.5003,,7.4
75,50.6996,-127.4199,1553547600,6111862,,70,1012.0,,48.2,48.2,48.2,Port Hardy,,,,,,CA,"[{'id': 803, 'main': 'Clouds', 'description': 'broken clouds', 'icon': '04d'}]",30.0,,5.82
90,69.444,-133.032,1553547600,6170031,,92,1014.0,,21.2,21.2,21.2,Tuktoyaktuk,,,,,,CA,"[{'id': 600, 'main': 'Snow', 'description': 'light snow', 'icon': '13d'}]",300.0,,5.82
20,53.8468,40.5344,1553551370,479426,992.05,81,1010.14,1010.14,23.49,23.49,23.49,Svobodnyy,,,,,,RU,"[{'id': 801, 'main': 'Clouds', 'description': 'few clouds', 'icon': '02n'}]",216.0,,5.17
5,22.8938,-109.9112,1553550939,3985710,,32,1016.0,,81.63,87.01,75.0,Cabo San Lucas,,,,,,MX,"[{'id': 800, 'main': 'Clear', 'description': 'sky is clear', 'icon': '02d'}]",240.0,,10.29
92,7.9808,49.8184,1553551370,60019,1000.77,98,1011.82,1011.82,80.01,80.01,80.01,Eyl,,,0.125,,,SO,"[{'id': 500, 'main': 'Rain', 'description': 'light rain', 'icon': '10n'}]",61.5003,,9.64
40,-42.8826,147.3281,1553551215,2163355,,43,1002.0,,53.47,55.4,52.0,Hobart,,,,,,AU,"[{'id': 802, 'main': 'Clouds', 'description': 'scattered clouds', 'icon': '03n'}]",300.0,,21.92
68,-21.2078,-159.775,1553549400,4035715,,83,1013.0,,82.4,82.4,82.4,Avarua,,,0.13,,,CK,"[{'id': 500, 'main': 'Rain', 'description': 'light rain', 'icon': '10d'}]",70.0,,10.29
75,-53.1627,-70.9081,1553551351,3874787,,82,1020.0,,51.42,51.8,51.01,Punta Arenas,,,,,,CL,"[{'id': 803, 'main': 'Clouds', 'description': 'broken clouds', 'icon': '04d'}]",250.0,,25.28
20,-3.7125,-38.6045,1553551200,6320062,,78,1010.0,,81.75,82.4,81.0,Vila Velha,,,,,,BR,"[{'id': 801, 'main': 'Clouds', 'description': 'few clouds', 'icon': '02n'}]",30.0,,3.36
40,33.9258,134.505,1553549678,1865309,,75,1014.0,,45.7,48.2,42.8,Katsuura,,,,,,JP,"[{'id': 802, 'main': 'Clouds', 'description': 'scattered clouds', 'icon': '03n'}]",150.0,,3.36
20,-34.5331,20.0428,1553551243,1015776,,77,1022.0,,62.6,64.4,61.0,Bredasdorp,,,,,,ZA,"[{'id': 801, 'main': 'Clouds', 'description': 'few clouds', 'icon': '02n'}]",300.0,,2.24
75,-20.4081,57.7,1553551147,934322,,94,1009.0,,75.92,77.0,75.0,Mahebourg,,,,,,MU,"[{'id': 521, 'main': 'Rain', 'description': 'proximity shower rain', 'icon': '09n'}]",150.5,,11.43
88,60.4667,166.1,1553551374,2120591,957.17,80,976.66,976.66,15.66,15.66,15.66,Tilichiki,,,,,,RU,"[{'id': 804, 'main': 'Clouds', 'description': 'overcast clouds', 'icon': '04n'}]",4.50031,,17.47
48,4.8874,-1.752,1553551375,2294915,1008.21,96,1011.14,1011.14,82.35,82.35,82.35,Takoradi,,,,,,GH,"[{'id': 802, 'main': 'Clouds', 'description': 'scattered clouds', 'icon': '03n'}]",218.5,,6.73
0,-16.4976,27.605,1553551375,917011,917.65,78,1009.82,1009.82,68.67,68.67,68.67,Gwembe,,,,,,ZM,"[{'id': 800, 'main': 'Clear', 'description': 'Sky is Clear', 'icon': '01n'}]",341.5,,3.49
0,17.4656,120.6017,1553551377,1689635,973.81,78,1014.46,1014.46,62.1,62.1,62.1,San Isidro,,,,,,PH,"[{'id': 800, 'main': 'Clear', 'description': 'Sky is Clear', 'icon': '01n'}]",95.0003,,2.37
75,70.9963,24.6622,1553548800,779622,,86,1003.0,,28.4,28.4,28.4,Havoysund,,,,,,NO,"[{'id': 620, 'main': 'Snow', 'description': 'light shower snow', 'icon': '13n'}]",290.0,,18.34
75,65.2824,-126.8328,1553547600,6089245,,83,1013.0,,44.6,44.6,44.6,Norman Wells,,,,,,CA,"[{'id': 803, 'main': 'Clouds', 'description': 'broken clouds', 'icon': '04d'}]",260.0,,9.17
40,-25.6696,-53.8047,1553547600,3467400,,54,1014.0,,81.5,82.4,80.6,Capanema,,,,,,BR,"[{'id': 802, 'main': 'Clouds', 'description': 'scattered clouds', 'icon': '03d'}]",230.0,,4.7
0,-6.9733,-34.8352,1553547600,3404558,,78,1010.0,,82.4,82.4,82.4,Cabedelo,,,,,,BR,"[{'id': 800, 'main': 'Clear', 'description': 'Sky is Clear', 'icon': '01n'}]",160.0,,6.93
0,48.7625,-91.6247,1553551380,5888001,978.53,34,1029.94,1029.94,35.28,35.28,35.28,Atikokan,,,,,,CA,"[{'id': 800, 'main': 'Clear', 'description': 'Sky is Clear', 'icon': '01d'}]",298.5,,5.95
40,-28.24,-48.6703,1553547600,3461370,,73,1013.0,,75.2,75.2,75.2,Imbituba,,,,,,BR,"[{'id': 802, 'main': 'Clouds', 'description': 'scattered clouds', 'icon': '03d'}]",170.0,,10.29
12,-19.55,169.2667,1553551381,2136825,1011.81,100,1013.86,1013.86,79.38,79.38,79.38,Isangel,,,0.28,,,VU,"[{'id': 500, 'main': 'Rain', 'description': 'light rain', 'icon': '10n'}]",112.5,,18.7
0,-21.6403,-41.0512,1553547600,3448903,,74,1012.0,,80.6,80.6,80.6,Sao Joao da Barra,,,,,,BR,"[{'id': 800, 'main': 'Clear', 'description': 'Sky is Clear', 'icon': '01n'}]",130.0,,6.93
90,61.5996,-149.1111,1553551348,5871146,,65,1024.0,,43.99,46.99,39.99,Palmer,,,,,,US,"[{'id': 804, 'main': 'Clouds', 'description': 'overcast clouds', 'icon': '04d'}]",23.5003,,1.92
0,24.3716,88.5921,1553551382,1185128,1006.93,71,1009.06,1009.06,69.39,69.39,69.39,Rajshahi,,,,,,BD,"[{'id': 800, 'main': 'Clear', 'description': 'Sky is Clear', 'icon': '01n'}]",78.0003,,1.48
8,-39.8941,176.6247,1553551156,2185329,,53,1023.0,,72.0,72.0,72.0,Otane,,,,,,NZ,"[{'id': 800, 'main': 'Clear', 'description': 'sky is clear', 'icon': '02n'}]",270.0,1.79,1.01
90,37.4636,-122.4286,1553551241,5354943,,82,1019.0,,59.4,64.99,55.0,Half Moon Bay,,0.51,,,,US,"[{'id': 500, 'main': 'Rain', 'description': 'light rain', 'icon': '10d'}]",180.0,9.8,16.11
40,-42.7802,147.0615,1553551335,2155415,,43,1002.0,,53.46,55.4,52.0,New Norfolk,,,,,,AU,"[{'id': 802, 'main': 'Clouds', 'description': 'scattered clouds', 'icon': '03n'}]",300.0,,21.92
92,5.6687,-53.7785,1553551384,3381041,1006.21,74,1011.18,1011.18,79.02,79.02,79.02,Mana,,,,,,GF,"[{'id': 804, 'main': 'Clouds', 'description': 'overcast clouds', 'icon': '04n'}]",42.5003,,4.72
0,-31.9651,141.4511,1553547600,2173911,,71,1021.0,,51.8,51.8,51.8,Broken Hill,,,,,,AU,"[{'id': 800, 'main': 'Clear', 'description': 'Sky is Clear', 'icon': '01n'}]",150.0,,8.05
44,47.5335,134.7579,1553551385,2013229,973.57,70,1000.26,1000.26,27.72,27.72,27.72,Vyazemskiy,,,,,,RU,"[{'id': 802, 'main': 'Clouds', 'description': 'scattered clouds', 'icon': '03n'}]",239.5,,6.73
0,61.9449,76.6625,1553551385,1497210,1014.93,92,1024.14,1024.14,29.16,29.16,29.16,Novoagansk,,,,,,RU,"[{'id': 800, 'main': 'Clear', 'description': 'Sky is Clear', 'icon': '01n'}]",180.0,,7.96
48,60.1432,-45.2372,1553551386,3421765,987.89,100,1000.06,1000.06,27.63,27.63,27.63,Nanortalik,,,,,,GL,"[{'id': 802, 'main': 'Clouds', 'description': 'scattered clouds', 'icon': '03n'}]",238.5,,23.85
0,29.9576,122.298,1553551386,1795632,1020.53,86,1021.94,1021.94,50.94,50.94,50.94,Shenjiamen,,,,,,CN,"[{'id': 800, 'main': 'Clear', 'description': 'Sky is Clear', 'icon': '01n'}]",229.0,,7.96
56,70.6192,147.9022,1553551386,2126123,1018.53,63,1020.86,1020.86,-7.84,-7.84,-7.84,Chokurdakh,,,,,,RU,"[{'id': 803, 'main': 'Clouds', 'description': 'broken clouds', 'icon': '04n'}]",15.0003,,6.73
88,59.1239,33.3454,1553551387,523051,987.33,95,1000.7,1000.7,32.22,32.22,32.22,Nebolchi,,,0.14,,,RU,"[{'id': 500, 'main': 'Rain', 'description': 'light rain', 'icon': '10n'}]",187.0,,2.48
0,-35.1018,173.7751,1553551387,2189343,,76,1026.0,,72.0,72.0,72.0,Kaeo,,,,,,NZ,"[{'id': 800, 'main': 'Clear', 'description': 'Sky is Clear', 'icon': '01n'}]",3.0,5.81,7.0
40,19.2833,-81.25,1553551204,3580733,,78,1014.0,,81.73,82.4,81.0,Bodden Town,,,,,,KY,"[{'id': 521, 'main': 'Rain', 'description': 'proximity shower rain', 'icon': '09d'}]",10.0,,5.82
75,33.3739,134.1415,1553548200,1856392,,87,1015.0,,46.4,46.4,46.4,Muroto,,,,,,JP,"[{'id': 500, 'main': 'Rain', 'description': 'light rain', 'icon': '10n'}]",300.0,,5.82
0,-37.6167,-73.6501,1553551388,3883457,1011.81,88,1015.26,1015.26,56.34,56.34,56.34,Lebu,,,,,,CL,"[{'id': 800, 'main': 'Clear', 'description': 'Sky is Clear', 'icon': '01d'}]",190.5,,19.15
32,-41.0524,145.9064,1553551384,2173125,,74,1006.0,,50.99,52.0,50.0,Burnie,,,0.01,,,AU,"[{'id': 802, 'main': 'Clouds', 'description': 'scattered clouds', 'icon': '03n'}]",307.0,7.15,3.0
48,-25.2986,152.8535,1553547600,2146219,,94,1015.0,,73.4,73.4,73.4,Hervey Bay,,,,,,AU,"[{'id': 802, 'main': 'Clouds', 'description': 'scattered clouds', 'icon': '03n'}]",200.0,,1.12
88,-0.6,73.0833,1553551389,1282256,1009.09,100,1009.1,1009.1,84.87,84.87,84.87,Hithadhoo,,,0.14,,,MV,"[{'id': 500, 'main': 'Rain', 'description': 'light rain', 'icon': '10n'}]",46.5003,,11.65
90,66.149,-65.7179,1553547600,6096551,,47,992.0,,12.2,12.2,12.2,Pangnirtung,,,,,,CA,"[{'id': 804, 'main': 'Clouds', 'description': 'overcast clouds', 'icon': '04d'}]",70.0,11.8,14.99
20,-1.5747,9.2618,1553551390,2396853,1011.57,100,1011.62,1011.62,82.17,82.17,82.17,Omboue,,,,,,GA,"[{'id': 801, 'main': 'Clouds', 'description': 'few clouds', 'icon': '02n'}]",264.5,,5.73
88,-34.4176,19.2361,1553551297,3366880,,95,1018.0,,62.65,64.0,61.0,Hermanus,,,0.16,,,ZA,"[{'id': 500, 'main': 'Rain', 'description': 'light rain', 'icon': '10n'}]",116.0,,5.95
76,52.26,87.1175,1553551391,1488920,972.93,93,1031.42,1031.42,23.67,23.67,23.67,Turochak,,,,,,RU,"[{'id': 803, 'main': 'Clouds', 'description': 'broken clouds', 'icon': '04n'}]",40.0003,,2.37
75,-13.8834,167.55,1553547600,2134814,,79,1010.0,,84.2,84.2,84.2,Sola,,,,,,VU,"[{'id': 803, 'main': 'Clouds', 'description': 'broken clouds', 'icon': '04n'}]",130.0,,9.17
76,-14.2667,50.1667,1553551392,1056899,1007.17,100,1009.62,1009.62,79.74,79.74,79.74,Sambava,,,7.685,,,MG,"[{'id': 501, 'main': 'Rain', 'description': 'moderate rain', 'icon': '10n'}]",227.5,,2.48
92,39.5089,54.3631,1553551392,161616,975.57,93,1015.18,1015.18,46.71,46.71,46.71,Balkanabat,,,2.62,,,TM,"[{'id': 500, 'main': 'Rain', 'description': 'light rain', 'icon': '10n'}]",345.5,,2.59
0,53.0452,158.6483,1553549400,2122104,,53,986.0,,21.2,21.2,21.2,Petropavlovsk-Kamchatskiy,,,,,,RU,"[{'id': 800, 'main': 'Clear', 'description': 'Sky is Clear', 'icon': '01n'}]",350.0,,11.18
92,67.4672,86.5698,1553551393,1505991,1013.17,90,1020.58,1020.58,27.27,27.27,27.27,Igarka,,,,,,RU,"[{'id': 804, 'main': 'Clouds', 'description': 'overcast clouds', 'icon': '04n'}]",215.5,,13.56
1,33.3316,-105.6731,1553551344,5488598,,13,1026.0,,64.74,72.0,60.01,Ruidoso,,,,,,US,"[{'id': 800, 'main': 'Clear', 'description': 'sky is clear', 'icon': '01d'}]",100.0,9.3,12.75
80,72.7868,-56.1549,1553551394,3418910,981.33,100,984.5,984.5,7.74,7.74,7.74,Upernavik,,,,,,GL,"[{'id': 803, 'main': 'Clouds', 'description': 'broken clouds', 'icon': '04d'}]",346.5,,19.82
75,47.6577,-52.727,1553551307,6167817,,74,1007.0,,34.47,36.0,33.01,Torbay,,,,,,CA,"[{'id': 803, 'main': 'Clouds', 'description': 'broken clouds', 'icon': '04n'}]",240.0,11.3,19.46
92,-46.1324,167.6908,1553551209,2180815,,96,1003.0,,59.0,59.0,59.0,Tuatapere,,,2.47,,,NZ,"[{'id': 500, 'main': 'Rain', 'description': 'light rain', 'icon': '10n'}]",228.0,5.36,5.99
20,8.9251,-12.856,1553547600,2406067,,74,1011.0,,80.6,80.6,80.6,Mange,,,,,,SL,"[{'id': 721, 'main': 'Haze', 'description': 'haze', 'icon': '50n'}]",260.0,,6.93
0,26.586,101.7179,1553551395,6929460,825.89,37,1012.54,1012.54,52.92,52.92,52.92,Panzhihua,,,,,,CN,"[{'id': 800, 'main': 'Clear', 'description': 'Sky is Clear', 'icon': '01n'}]",172.5,,4.38
68,24.0333,-74.5167,1553551396,3572627,1016.53,100,1016.7,1016.7,74.25,74.25,74.25,Cockburn Town,,,,,,BS,"[{'id': 803, 'main': 'Clouds', 'description': 'broken clouds', 'icon': '04d'}]",89.0003,,14.79
92,63.4427,-20.2734,1553551396,3412093,998.21,92,1003.98,1003.98,45.54,45.54,45.54,Vestmannaeyjar,,,1.635,,,IS,"[{'id': 500, 'main': 'Rain', 'description': 'light rain', 'icon': '10n'}]",212.5,,25.64
36,65.087,12.3715,1553551202,3134658,,92,1007.0,,32.07,34.0,30.2,Terrak,,,,,,NO,"[{'id': 620, 'main': 'Snow', 'description': 'light shower snow', 'icon': '13n'}, {'id': 521, 'main': 'Rain', 'description': 'proximity shower rain', 'icon': '09n'}]",40.0,,6.93
0,45.4344,40.575,1553551217,540761,,79,1016.0,,35.01,35.01,35.01,Kropotkin,,,,,,RU,"[{'id': 800, 'main': 'Clear', 'description': 'Sky is Clear', 'icon': '01n'}]",109.5,,6.62
92,9.4942,50.8122,1553551398,64814,1007.33,100,1012.26,1012.26,80.64,80.64,80.64,Bandarbeyla,,,,,,SO,"[{'id': 804, 'main': 'Clouds', 'description': 'overcast clouds', 'icon': '04n'}]",91.0003,,7.63
75,-19.0596,-169.9187,1553547600,4036284,,69,1014.0,,82.4,82.4,82.4,Alofi,,,,,,NU,"[{'id': 803, 'main': 'Clouds', 'description': 'broken clouds', 'icon': '04d'}]",120.0,,14.99
0,70.3705,31.1107,1553548800,777019,,67,1001.0,,23.0,23.0,23.0,Vardo,,,,,,NO,"[{'id': 800, 'main': 'Clear', 'description': 'Sky is Clear', 'icon': '01n'}]",260.0,,26.4
48,50.6789,156.125,1553551399,2121385,984.77,100,998.14,998.14,27.72,27.72,27.72,Severo-Kurilsk,,,,,,RU,"[{'id': 802, 'main': 'Clouds', 'description': 'scattered clouds', 'icon': '03n'}]",289.0,,19.48
1,42.1307,-70.9162,1553551396,4948924,,48,1017.0,,44.74,50.0,39.0,Rockland,,,,,,US,"[{'id': 800, 'main': 'Clear', 'description': 'sky is clear', 'icon': '01d'}]",130.0,,8.05
32,-34.7212,135.8592,1553551400,2063036,1019.65,100,1023.3,1023.3,57.87,57.87,57.87,Port Lincoln,,,,,,AU,"[{'id': 802, 'main': 'Clouds', 'description': 'scattered clouds', 'icon': '03n'}]",231.5,,8.75
92,27.9254,96.1647,1553551400,1254709,870.45,60,1013.98,1013.98,58.86,58.86,58.86,Tezu,,,,,,IN,"[{'id': 804, 'main': 'Clouds', 'description': 'overcast clouds', 'icon': '04n'}]",32.5003,,1.59
75,35.7387,139.5312,1553551357,1850144,,71,1013.0,,50.77,54.0,44.6,Nishihara,,,,,,JP,"[{'id': 500, 'main': 'Rain', 'description': 'light rain', 'icon': '10n'}]",80.0,,5.82
0,53.185,44.0529,1553550551,553725,,60,991.0,,34.0,34.0,34.0,Kamenka,,,,,,RU,"[{'id': 800, 'main': 'Clear', 'description': 'Sky is Clear', 'icon': '01n'}]",253.0,,9.42
75,17.0197,-25.0648,1553547600,3374336,,46,1014.0,,73.4,73.4,73.4,Porto Novo,,,,,,CV,"[{'id': 803, 'main': 'Clouds', 'description': 'broken clouds', 'icon': '04n'}]",100.0,,4.7
20,38.7333,-27.0667,1553551248,3372760,,87,1024.0,,58.5,59.0,57.99,Praia da Vitoria,,,,,,PT,"[{'id': 801, 'main': 'Clouds', 'description': 'few clouds', 'icon': '02n'}]",115.5,,12.55
75,-20.3428,57.7575,1553551147,1106677,,94,1009.0,,75.97,77.0,75.0,Bambous Virieux,,,,,,MU,"[{'id': 521, 'main': 'Rain', 'description': 'proximity shower rain', 'icon': '09n'}]",150.5,,11.43
75,-32.7219,152.1441,1553551365,2155562,,73,1014.0,,68.94,71.01,66.0,Nelson Bay,,,,,,AU,"[{'id': 803, 'main': 'Clouds', 'description': 'broken clouds', 'icon': '04n'}]",210.0,,11.41
1,60.5544,-151.2584,1553551326,5866063,,60,1024.0,,44.49,46.0,42.8,Kenai,,,,,,US,"[{'id': 800, 'main': 'Clear', 'description': 'sky is clear', 'icon': '01d'}]",210.0,,5.82
44,60.0603,69.9229,1553551404,1506268,1009.17,82,1018.1,1018.1,34.11,34.11,34.11,Gornopravdinsk,,,,,,RU,"[{'id': 802, 'main': 'Clouds', 'description': 'scattered clouds', 'icon': '03n'}]",163.0,,10.42
64,49.6333,117.3167,1553551405,2012780,930.21,55,1023.22,1023.22,4.86,4.86,4.86,Zabaykalsk,,,,,,RU,"[{'id': 803, 'main': 'Clouds', 'description': 'broken clouds', 'icon': '04n'}]",331.0,,2.71
92,-29.4618,149.8407,1553550369,2156927,,78,1016.0,,71.82,72.0,71.6,Moree,,,0.45,,,AU,"[{'id': 500, 'main': 'Rain', 'description': 'light rain', 'icon': '10n'}]",160.0,,1.12
90,-33.6856,-71.2146,1553547600,3880107,,93,1016.0,,70.88,80.6,53.6,Melipilla,,,,,,CL,"[{'id': 701, 'main': 'Mist', 'description': 'mist', 'icon': '50d'}]",,,3.36
75,33.7447,132.7901,1553549610,1864226,,66,1015.0,,45.77,48.2,44.6,Tobe,,,,,,JP,"[{'id': 803, 'main': 'Clouds', 'description': 'broken clouds', 'icon': '04n'}]",70.0,,3.36
92,5.3505,48.5268,1553551406,57000,1001.81,91,1010.98,1010.98,80.73,80.73,80.73,Hobyo,,,,,,SO,"[{'id': 804, 'main': 'Clouds', 'description': 'overcast clouds', 'icon': '04n'}]",68.5003,,11.54
0,43.7176,39.6062,1553549400,823676,,100,1015.0,,36.64,37.0,35.6,Gornoye Loo,,,,,,RU,"[{'id': 800, 'main': 'Clear', 'description': 'Sky is Clear', 'icon': '01n'}]",83.0003,,3.04
0,-9.8,-139.0334,1553551408,4020109,1011.89,100,1011.9,1011.9,82.26,82.26,82.26,Atuona,,,,,,PF,"[{'id': 800, 'main': 'Clear', 'description': 'Sky is Clear', 'icon': '01d'}]",101.5,,17.02
20,78.2186,15.6401,1553547000,2729907,,65,1005.0,,8.6,8.6,8.6,Longyearbyen,,,,,,SJ,"[{'id': 801, 'main': 'Clouds', 'description': 'few clouds', 'icon': '02n'}]",70.0,,5.82
68,48.9723,140.2878,1553551408,2121052,996.93,99,1007.82,1007.82,14.31,14.31,14.31,Sovetskaya Gavan,,,,,,RU,"[{'id': 803, 'main': 'Clouds', 'description': 'broken clouds', 'icon': '04n'}]",42.0003,,4.38
44,-45.874,170.5035,1553551142,2191562,965.17,67,1003.5,1003.5,68.76,68.76,68.76,Dunedin,,,,,,NZ,"[{'id': 802, 'main': 'Clouds', 'description': 'scattered clouds', 'icon': '03n'}]",343.0,,14.23
90,7.0419,134.2556,1553547300,7671223,,83,1012.0,,78.8,78.8,78.8,Kloulklubed,,,,,,PW,"[{'id': 804, 'main': 'Clouds', 'description': 'overcast clouds', 'icon': '04n'}]",37.5003,,9.42
44,52.2138,24.3564,1553551409,627145,991.57,68,1010.86,1010.86,37.8,37.8,37.8,Kobryn,,,,,,BY,"[{'id': 802, 'main': 'Clouds', 'description': 'scattered clouds', 'icon': '03n'}]",302.5,,10.76
0,47.2444,47.0355,1553551410,467479,1018.05,75,1017.34,1017.34,29.97,29.97,29.97,Yenotayevka,,,,,,RU,"[{'id': 800, 'main': 'Clear', 'description': 'Sky is Clear', 'icon': '01n'}]",187.0,,2.71
40,28.3667,129.4833,1553549400,1855540,,67,1016.0,,62.6,62.6,62.6,Naze,,,,,,JP,"[{'id': 802, 'main': 'Clouds', 'description': 'scattered clouds', 'icon': '03n'}]",330.0,,11.41
32,7.1371,5.2583,1553551411,2326168,978.29,86,1011.02,1011.02,76.05,76.05,76.05,Ilesha,,,1.755,,,NG,"[{'id': 500, 'main': 'Rain', 'description': 'light rain', 'icon': '10n'}]",216.0,,3.6
0,22.5702,59.5299,1553551293,286245,981.89,88,1012.62,1012.62,74.43,74.43,74.43,Sur,,,,,,OM,"[{'id': 800, 'main': 'Clear', 'description': 'Sky is Clear', 'icon': '01n'}]",186.5,,12.1
0,-33.0117,17.9442,1553547600,3361934,,82,1018.0,,59.0,59.0,59.0,Saldanha,,,,,,ZA,"[{'id': 800, 'main': 'Clear', 'description': 'Sky is Clear', 'icon': '01n'}]",210.0,,13.87
75,69.2167,-51.1,1553547000,3423146,,86,987.0,,26.6,26.6,26.6,Ilulissat,,,,,,GL,"[{'id': 521, 'main': 'Rain', 'description': 'proximity shower rain', 'icon': '09d'}]",200.0,,11.41
90,-1.7625,-48.8044,1553551200,3408424,,94,1011.0,,75.2,75.2,75.2,Ipixuna,,,,,,BR,"[{'id': 804, 'main': 'Clouds', 'description': 'overcast clouds', 'icon': '04n'}]",20.0,,4.7
75,66.0449,-17.3389,1553547600,2629833,,61,997.0,,46.4,46.4,46.4,Husavik,,,,,,IS,"[{'id': 803, 'main': 'Clouds', 'description': 'broken clouds', 'icon': '04n'}]",190.0,,24.16
75,6.1134,-75.9846,1553547600,3688840,,69,1016.0,,72.32,75.2,69.8,Betulia,,,,,,CO,"[{'id': 211, 'main': 'Thunderstorm', 'description': 'thunderstorm', 'icon': '11d'}]",360.0,,18.34
0,63.7541,121.6265,1553551414,2013392,1002.45,70,1021.62,1021.62,-2.08,-2.08,-2.08,Vilyuysk,,,,,,RU,"[{'id': 800, 'main': 'Clear', 'description': 'Sky is Clear', 'icon': '01n'}]",262.0,,5.06
20,1.3012,124.9109,1553551200,1623424,,100,1012.0,,71.6,71.6,71.6,Tondano,,,,,,ID,"[{'id': 801, 'main': 'Clouds', 'description': 'few clouds', 'icon': '02n'}]",190.0,,1.12
76,35.541,106.6799,1553551414,1798760,846.77,66,1019.98,1019.98,33.84,33.84,33.84,Pingliang,,,,,,CN,"[{'id': 803, 'main': 'Clouds', 'description': 'broken clouds', 'icon': '04n'}]",284.5,,2.04
75,-3.2041,-52.21,1553547600,3407882,,94,1009.0,,77.0,77.0,77.0,Altamira,,,,,,BR,"[{'id': 803, 'main': 'Clouds', 'description': 'broken clouds', 'icon': '04d'}]",330.0,,3.36
68,62.5333,155.8,1553551416,2122493,906.05,74,1000.74,1000.74,3.15,3.15,3.15,Omsukchan,,,,,,RU,"[{'id': 803, 'main': 'Clouds', 'description': 'broken clouds', 'icon': '04n'}]",347.5,,12.77
0,-41.8682,-73.8288,1553547600,3899695,,63,1020.0,,60.8,60.8,60.8,Ancud,,,,,,CL,"[{'id': 800, 'main': 'Clear', 'description': 'Sky is Clear', 'icon': '01d'}]",150.0,,8.05
56,-19.6419,17.3441,1553551417,3353934,852.05,75,1011.42,1011.42,64.44,64.44,64.44,Otavi,,,,,,NA,"[{'id': 803, 'main': 'Clouds', 'description': 'broken clouds', 'icon': '04n'}]",305.5,,1.36
92,-46.2818,169.8464,1553551417,2208248,985.17,70,1001.5,1001.5,69.93,69.93,69.93,Kaitangata,,,,,,NZ,"[{'id': 804, 'main': 'Clouds', 'description': 'overcast clouds', 'icon': '04n'}]",338.0,,15.01
92,38.4362,57.4316,1553551417,162158,969.65,91,1013.38,1013.38,50.49,50.49,50.49,Baherden,,,0.315,,,TM,"[{'id': 500, 'main': 'Rain', 'description': 'light rain', 'icon': '10n'}]",174.0,,2.48
90,0.6104,-80.0186,1553547600,3653967,,100,1008.0,,77.0,77.0,77.0,Muisne,,,,,,EC,"[{'id': 500, 'main': 'Rain', 'description': 'light rain', 'icon': '10d'}]",190.0,,3.36
40,14.9215,-23.5087,1553547600,3374333,,56,1014.0,,69.8,69.8,69.8,Praia,,,,,,CV,"[{'id': 802, 'main': 'Clouds', 'description': 'scattered clouds', 'icon': '03n'}]",30.0,,6.93
20,36.6174,-121.9156,1553551324,5380437,,55,1019.0,,61.77,71.01,55.0,Pacific Grove,,,,,,US,"[{'id': 801, 'main': 'Clouds', 'description': 'few clouds', 'icon': '02d'}]",,,6.93
100,-17.5224,146.031,1553550705,2162683,,98,1013.0,,70.0,70.0,70.0,Innisfail,,,2.125,,,AU,"[{'id': 500, 'main': 'Rain', 'description': 'light rain', 'icon': '10n'}]",319.5,,0.58
0,-33.8583,121.8932,1553547600,2071860,,87,1025.0,,51.8,51.8,51.8,Esperance,,,,,,AU,"[{'id': 800, 'main': 'Clear', 'description': 'Sky is Clear', 'icon': '01n'}]",60.0,,8.05
92,57.2918,54.9718,1553551419,569794,975.41,88,995.94,995.94,32.49,32.49,32.49,Chastyye,,,,,,RU,"[{'id': 804, 'main': 'Clouds', 'description': 'overcast clouds', 'icon': '04n'}]",202.5,,17.25
20,13.2167,-59.5167,1553547600,3374083,,61,1013.0,,82.4,82.4,82.4,Bathsheba,,,,,,BB,"[{'id': 801, 'main': 'Clouds', 'description': 'few clouds', 'icon': '02d'}]",100.0,,16.11
0,-19.5314,-54.0439,1553551295,3468020,947.01,34,1009.1,1009.1,88.83,88.83,88.83,Camapua,,,,,,BR,"[{'id': 800, 'main': 'Clear', 'description': 'Sky is Clear', 'icon': '01n'}]",133.5,,7.52
40,42.6818,26.3154,1553547600,727079,,49,1010.0,,48.2,48.2,48.2,Sliven,,,,,,BG,"[{'id': 802, 'main': 'Clouds', 'description': 'scattered clouds', 'icon': '03n'}]",70.0,,6.93
92,62.2266,-6.5891,1553548800,2618795,,93,1021.0,,44.6,44.6,44.6,Klaksvik,,,,,,FO,"[{'id': 520, 'main': 'Rain', 'description': 'light intensity shower rain', 'icon': '09n'}]",230.0,,4.7
20,22.1182,95.1325,1553551421,1308522,995.17,78,1008.62,1008.62,72.81,72.81,72.81,Monywa,,,,,,MM,"[{'id': 801, 'main': 'Clouds', 'description': 'few clouds', 'icon': '02n'}]",311.0,,1.92
20,67.8006,130.4114,1553551422,2027042,925.09,31,1021.46,1021.46,-23.41,-23.41,-23.41,Batagay-Alyta,,,,,,RU,"[{'id': 801, 'main': 'Clouds', 'description': 'few clouds', 'icon': '02n'}]",204.0,,2.37
88,-34.0034,24.7314,1553551422,986717,1012.29,87,1021.78,1021.78,62.01,62.01,62.01,Kruisfontein,,,,,,ZA,"[{'id': 804, 'main': 'Clouds', 'description': 'overcast clouds', 'icon': '04n'}]",252.5,,6.4
48,53.5905,142.9501,1553551423,2122614,1003.17,87,1006.14,1006.14,13.32,13.32,13.32,Okha,,,,,,RU,"[{'id': 802, 'main': 'Clouds', 'description': 'scattered clouds', 'icon': '03n'}]",285.5,,10.42
8,-3.3959,38.5722,1553551424,178522,919.33,75,1011.14,1011.14,69.21,69.21,69.21,Voi,,,,,,KE,"[{'id': 800, 'main': 'Clear', 'description': 'sky is clear', 'icon': '02n'}]",112.5,,3.38
20,35.0089,24.8684,1553551330,6697802,,53,1010.0,,54.28,61.0,51.01,Pombia,,,,,,GR,"[{'id': 801, 'main': 'Clouds', 'description': 'few clouds', 'icon': '02n'}]",170.0,,9.17
0,37.932,14.0886,1553551249,2525103,,88,975.0,,48.7,55.99,41.0,Castelbuono,,,,,,IT,"[{'id': 800, 'main': 'Clear', 'description': 'Sky is Clear', 'icon': '01n'}]",233.5,,2.15
68,60.9127,-46.0453,1553547000,3421719,,85,999.0,,23.0,23.0,23.0,Narsaq,,,,,,GL,"[{'id': 600, 'main': 'Snow', 'description': 'light snow', 'icon': '13d'}]",230.0,,21.92
68,-4.1985,152.1728,1553551426,2087894,997.33,100,1011.1,1011.1,79.56,79.56,79.56,Rabaul,,,,,,PG,"[{'id': 803, 'main': 'Clouds', 'description': 'broken clouds', 'icon': '04n'}]",294.5,,6.17
1,40.973,-117.7357,1553551281,5710360,,20,1017.0,,61.16,62.6,60.01,Winnemucca,,,,,,US,"[{'id': 800, 'main': 'Clear', 'description': 'sky is clear', 'icon': '01d'}]",160.0,10.3,16.11
75,32.2956,-64.7828,1553550379,3573197,,55,1023.0,,64.74,66.2,64.0,Hamilton,,,,,,BM,"[{'id': 803, 'main': 'Clouds', 'description': 'broken clouds', 'icon': '04d'}]",160.0,,6.93
8,-0.1934,-74.7819,1553551426,3671437,985.57,69,1005.7,1005.7,86.85,86.85,86.85,Puerto Leguizamo,,,2.45,,,CO,"[{'id': 500, 'main': 'Rain', 'description': 'light rain', 'icon': '10d'}]",316.5,,1.92
0,32.3754,15.0925,1553551221,2214846,1015.89,96,1018.82,1018.82,53.73,53.73,53.73,Misratah,,,,,,LY,"[{'id': 800, 'main': 'Clear', 'description': 'Sky is Clear', 'icon': '01n'}]",315.5,,5.5
0,66.7656,123.3741,1553551427,2012530,1011.33,38,1020.38,1020.38,-11.98,-11.98,-11.98,Zhigansk,,,,,,RU,"[{'id': 800, 'main': 'Clear', 'description': 'Sky is Clear', 'icon': '01n'}]",313.5,,3.94
56,60.7167,-46.0334,1553547000,3420846,,85,999.0,,23.0,23.0,23.0,Qaqortoq,,,,,,GL,"[{'id': 600, 'main': 'Snow', 'description': 'light snow', 'icon': '13d'}]",230.0,,21.92
0,7.4167,81.8167,1553551428,1242110,994.93,97,1010.14,1010.14,68.76,68.76,68.76,Kalmunai,,,,,,LK,"[{'id': 800, 'main': 'Clear', 'description': 'Sky is Clear', 'icon': '01n'}]",262.5,,2.71
1,28.5392,-80.672,1553551384,4164092,,61,1016.0,,79.65,84.0,75.0,Merritt Island,,,,,,US,"[{'id': 800, 'main': 'Clear', 'description': 'sky is clear', 'icon': '01d'}]",150.0,,10.29
0,-5.5576,-80.8224,1553551429,3691954,1004.77,63,1007.46,1007.46,80.19,80.19,80.19,Sechura,,,,,,PE,"[{'id': 800, 'main': 'Clear', 'description': 'Sky is Clear', 'icon': '01d'}]",221.5,,11.99
40,52.4446,15.578,1553549400,3091969,,100,1020.0,,37.4,37.4,37.4,Miedzyrzecz,,,,,,PL,"[{'id': 802, 'main': 'Clouds', 'description': 'scattered clouds', 'icon': '03n'}]",300.0,,4.7
0,26.0032,92.8523,1553551429,1269993,988.93,90,1011.9,1011.9,62.64,62.64,62.64,Hojai,,,,,,IN,"[{'id': 800, 'main': 'Clear', 'description': 'Sky is Clear', 'icon': '01n'}]",43.5003,,2.37
20,51.4999,44.4846,1553551430,554199,989.09,90,1014.46,1014.46,25.92,25.92,25.92,Kalininsk,,,,,,RU,"[{'id': 801, 'main': 'Clouds', 'description': 'few clouds', 'icon': '02n'}]",243.0,,6.73
40,70.8578,29.0864,1553547000,780687,,86,1001.0,,26.19,30.2,23.0,Berlevag,,,,,,NO,"[{'id': 620, 'main': 'Snow', 'description': 'light shower snow', 'icon': '13n'}]",270.0,,13.87
40,33.072,-16.3415,1553549400,8010683,,77,1011.0,,63.63,64.4,62.6,Porto Santo,,,,,,PT,"[{'id': 802, 'main': 'Clouds', 'description': 'scattered clouds', 'icon': '03n'}]",50.0,18.0,27.51
24,59.0598,80.8709,1553551431,1504382,1022.21,84,1030.7,1030.7,22.23,22.23,22.23,Kargasok,,,,,,RU,"[{'id': 801, 'main': 'Clouds', 'description': 'few clouds', 'icon': '02n'}]",161.5,,3.6
5,19.223,-104.6989,1553546880,3985168,,65,1011.0,,80.6,80.6,80.6,San Patricio,,,,,,MX,"[{'id': 800, 'main': 'Clear', 'description': 'sky is clear', 'icon': '02d'}]",210.0,,5.82
56,-9.1667,-60.6334,1553551404,3665202,994.45,84,1008.14,1008.14,79.74,79.74,79.74,Aripuana,,,,,,BR,"[{'id': 803, 'main': 'Clouds', 'description': 'broken clouds', 'icon': '04d'}]",235.5,,2.59
75,47.9185,106.9177,1553551200,2028462,,48,1008.0,,21.2,21.2,21.2,Ulaanbaatar,,,,,,MN,"[{'id': 803, 'main': 'Clouds', 'description': 'broken clouds', 'icon': '04n'}]",,,2.24
0,-30.1658,-50.2184,1553551432,3466165,1004.69,61,1014.58,1014.58,70.83,70.83,70.83,Cidreira,,,,,,BR,"[{'id': 800, 'main': 'Clear', 'description': 'Sky is Clear', 'icon': '01n'}]",252.5,,9.75
0,-20.2334,164.0167,1553551433,2138555,1014.29,100,1014.58,1014.58,79.92,79.92,79.92,Poum,,,,,,NC,"[{'id': 800, 'main': 'Clear', 'description': 'Sky is Clear', 'icon': '01n'}]",101.5,,10.54
24,65.6118,72.6842,1553551433,1490918,1012.29,81,1015.42,1015.42,26.01,26.01,26.01,Staryy Nadym,,,,,,RU,"[{'id': 801, 'main': 'Clouds', 'description': 'few clouds', 'icon': '02n'}]",181.0,,12.21
8,-3.3784,-68.8725,1553551434,3662252,996.53,66,1005.38,1005.38,87.75,87.75,87.75,Sao Paulo de Olivenca,,,,,,BR,"[{'id': 800, 'main': 'Clear', 'description': 'sky is clear', 'icon': '02d'}]",25.0003,,2.04
0,52.8063,-2.1164,1553551421,2637142,,69,1035.0,,39.22,42.01,35.01,Stafford,,,,,,GB,"[{'id': 800, 'main': 'Clear', 'description': 'Sky is Clear', 'icon': '01n'}]",260.0,,5.82
0,14.8961,-24.4956,1553551434,3374210,1002.29,98,1013.98,1013.98,69.84,69.84,69.84,Sao Filipe,,,,,,CV,"[{'id': 800, 'main': 'Clear', 'description': 'Sky is Clear', 'icon': '01n'}]",20.0003,,7.63
68,73.5069,80.5464,1553551435,1507390,1002.69,90,1002.98,1002.98,27.81,27.81,27.81,Dikson,,,,,,RU,"[{'id': 803, 'main': 'Clouds', 'description': 'broken clouds', 'icon': '04n'}]",213.5,,16.69
0,63.5568,27.1892,1553548800,656820,,68,1001.0,,26.6,26.6,26.6,Iisalmi,,,,,,FI,"[{'id': 800, 'main': 'Clear', 'description': 'Sky is Clear', 'icon': '01n'}]",310.0,,12.75
76,63.1915,64.4243,1553551436,1505965,1001.09,90,1005.1,1005.1,36.9,36.9,36.9,Igrim,,,1.07,,,RU,"[{'id': 500, 'main': 'Rain', 'description': 'light rain', 'icon': '10n'}]",153.5,,11.99
0,25.6619,94.1019,1553551436,1266366,896.05,84,1012.54,1012.54,49.5,49.5,49.5,Kohima,,,,,,IN,"[{'id': 800, 'main': 'Clear', 'description': 'Sky is Clear', 'icon': '01n'}]",156.5,,1.92
0,5.8833,-56.3167,1553551437,3382867,1010.93,95,1010.94,1010.94,80.73,80.73,80.73,Totness,,,,,,SR,"[{'id': 800, 'main': 'Clear', 'description': 'Sky is Clear', 'icon': '01n'}]",40.5003,,14.56
88,-33.6938,-53.4562,1553551337,3443061,1013.65,82,1015.14,1015.14,68.04,68.04,68.04,Chuy,,,,,,UY,"[{'id': 804, 'main': 'Clouds', 'description': 'overcast clouds', 'icon': '04n'}]",212.0,,14.12
48,30.5437,-111.1213,1553551336,3984717,,12,1013.0,,87.01,87.01,87.01,Santa Ana,,,,,,MX,"[{'id': 802, 'main': 'Clouds', 'description': 'scattered clouds', 'icon': '03d'}]",180.0,3.58,3.0
64,68.0544,39.5129,1553551439,556268,973.41,93,999.26,999.26,26.46,26.46,26.46,Ostrovnoy,,,,,,RU,"[{'id': 803, 'main': 'Clouds', 'description': 'broken clouds', 'icon': '04n'}]",13.0003,,16.24
90,37.7528,-100.0171,1553551226,5445298,,44,1025.0,,57.54,59.0,55.99,Dodge City,,,,,,US,"[{'id': 804, 'main': 'Clouds', 'description': 'overcast clouds', 'icon': '04d'}]",60.0,,6.93
90,64.7317,177.5061,1553551352,2127202,,92,974.0,,26.29,26.6,26.01,Anadyr,,,,,,RU,"[{'id': 804, 'main': 'Clouds', 'description': 'overcast clouds', 'icon': '04n'}]",80.0,30.0,55.92
48,36.0998,0.4206,1553551441,2487130,994.77,86,1017.14,1017.14,56.34,56.34,56.34,Sidi Ali,,,,,,DZ,"[{'id': 802, 'main': 'Clouds', 'description': 'scattered clouds', 'icon': '03n'}]",9.00031,,2.93
92,65.0757,-22.7297,1553551442,3412888,986.29,89,996.7,996.7,41.85,41.85,41.85,Stykkisholmur,,,3.815,,,IS,"[{'id': 501, 'main': 'Rain', 'description': 'moderate rain', 'icon': '10n'}]",202.5,,23.85
24,3.5169,15.0521,1553551442,2220853,945.17,90,1010.3,1010.3,70.83,70.83,70.83,Yokadouma,,,,,,CM,"[{'id': 801, 'main': 'Clouds', 'description': 'few clouds', 'icon': '02n'}]",240.5,,2.48
44,5.4444,73.3657,1553551442,1337616,1009.89,100,1010.02,1010.02,84.15,84.15,84.15,Naifaru,,,,,,MV,"[{'id': 802, 'main': 'Clouds', 'description': 'scattered clouds', 'icon': '03n'}]",65.5003,,7.96
88,-7.95,110.2833,1553551443,1650434,980.69,98,1010.74,1010.74,73.35,73.35,73.35,Bambanglipuro,,,,,,ID,"[{'id': 804, 'main': 'Clouds', 'description': 'overcast clouds', 'icon': '04n'}]",359.0,,2.93
44,8.0537,-1.729,1553551443,2299625,977.81,52,1009.3,1009.3,84.78,84.78,84.78,Kintampo,,,,,,GH,"[{'id': 802, 'main': 'Clouds', 'description': 'scattered clouds', 'icon': '03n'}]",184.5,,9.53
90,39.9519,-94.7572,1553551416,4407665,,37,1026.0,,53.85,55.99,51.8,Kodiak,,,,,,US,"[{'id': 804, 'main': 'Clouds', 'description': 'overcast clouds', 'icon': '04d'}]",330.0,,9.17
0,50.0777,47.0973,1553551444,498295,1011.41,68,1016.42,1016.42,25.83,25.83,25.83,Savinka,,,,,,RU,"[{'id': 800, 'main': 'Clear', 'description': 'Sky is Clear', 'icon': '01n'}]",229.0,,6.17
0,-32.5543,148.9515,1553551320,2144168,,87,1019.0,,58.17,60.01,57.2,Wellington,,,,,,AU,"[{'id': 800, 'main': 'Clear', 'description': 'Sky is Clear', 'icon': '01n'}]",190.0,,8.05
68,61.6932,33.6227,1553547600,504409,,80,998.0,,30.2,30.2,30.2,Pryazha,,,,,,RU,"[{'id': 803, 'main': 'Clouds', 'description': 'broken clouds', 'icon': '04n'}]",230.0,,6.71
76,-7.3817,108.2082,1553551445,1640902,915.01,97,1010.5,1010.5,68.76,68.76,68.76,Kawalu,,,,,,ID,"[{'id': 803, 'main': 'Clouds', 'description': 'broken clouds', 'icon': '04n'}]",242.5,,1.7
75,-28.7667,114.6,1553549400,2070998,,29,1013.0,,75.2,75.2,75.2,Geraldton,,,,,,AU,"[{'id': 803, 'main': 'Clouds', 'description': 'broken clouds', 'icon': '04n'}]",50.0,,18.34
20,14.9945,-90.8044,1553551215,3595148,,21,1023.0,,76.89,82.4,71.01,Joyabaj,,,,,,GT,"[{'id': 801, 'main': 'Clouds', 'description': 'few clouds', 'icon': '02d'}]",20.0,,11.41
32,-8.4903,140.3956,1553551447,2082539,1011.01,100,1011.42,1011.42,76.95,76.95,76.95,Merauke,,,,,,ID,"[{'id': 802, 'main': 'Clouds', 'description': 'scattered clouds', 'icon': '03n'}]",12.0003,,8.52
92,59.8683,48.0123,1553551447,529051,972.05,86,993.38,993.38,31.5,31.5,31.5,Maromitsa,,,,,,RU,"[{'id': 804, 'main': 'Clouds', 'description': 'overcast clouds', 'icon': '04n'}]",316.5,,9.98
92,60.9078,61.5172,1553551447,1495812,986.21,94,1000.34,1000.34,37.71,37.71,37.71,Ous,,,2.495,,,RU,"[{'id': 500, 'main': 'Rain', 'description': 'light rain', 'icon': '10n'}]",154.0,,13.22
75,-20.0064,57.6608,1553551447,934479,,94,1009.0,,76.19,77.0,75.0,Grand Gaube,,,,,,MU,"[{'id': 521, 'main': 'Rain', 'description': 'proximity shower rain', 'icon': '09n'}]",164.5,,15.01
20,47.8043,67.7144,1553551448,1516589,969.81,84,1019.22,1019.22,36.63,36.63,36.63,Zhezkazgan,,,,,,KZ,"[{'id': 801, 'main': 'Clouds', 'description': 'few clouds', 'icon': '02n'}]",138.0,,10.2
36,71.965,114.0939,1553551449,2017155,1002.77,38,1015.54,1015.54,-12.16,-12.16,-12.16,Saskylakh,,,,,,RU,"[{'id': 802, 'main': 'Clouds', 'description': 'scattered clouds', 'icon': '03n'}]",152.5,,3.6
75,62.5838,6.1242,1553551307,3141667,,59,1021.0,,34.05,37.4,28.99,Roald,,,,,,NO,"[{'id': 521, 'main': 'Rain', 'description': 'proximity shower rain', 'icon': '09n'}, {'id': 311, 'main': 'Drizzle', 'description': 'rain and drizzle', 'icon': '09n'}]",290.0,,9.17
0,22.6274,-103.8968,1553551450,4004616,795.01,18,1008.58,1008.58,79.56,79.56,79.56,Huejuquilla el Alto,,,,,,MX,"[{'id': 800, 'main': 'Clear', 'description': 'Sky is Clear', 'icon': '01d'}]",216.0,,3.94
1,34.6392,-120.458,1553551444,5367788,,56,1019.0,,64.11,68.0,60.01,Lompoc,,,,,,US,"[{'id': 800, 'main': 'Clear', 'description': 'sky is clear', 'icon': '01d'}]",260.0,,8.05
1,44.7501,-79.8858,1553551221,6073363,,33,1020.0,,30.72,33.8,28.0,Midland,,,,,,CA,"[{'id': 800, 'main': 'Clear', 'description': 'sky is clear', 'icon': '01d'}]",270.0,9.3,12.75
20,11.2422,-74.2056,1553551244,3668605,,49,1007.0,,89.83,93.2,86.0,Santa Marta,,,,,,CO,"[{'id': 721, 'main': 'Haze', 'description': 'haze', 'icon': '50d'}]",20.0,,18.34
88,68.75,161.3,1553551452,2126199,1000.05,68,1008.82,1008.82,1.8,1.8,1.8,Cherskiy,,,,,,RU,"[{'id': 804, 'main': 'Clouds', 'description': 'overcast clouds', 'icon': '04n'}]",26.5003,,10.09
8,44.5978,132.8211,1553551452,2016187,991.57,74,1008.78,1008.78,23.31,23.31,23.31,Spassk-Dalniy,,,,,,RU,"[{'id': 800, 'main': 'Clear', 'description': 'sky is clear', 'icon': '02n'}]",264.0,,10.09
5,15.7432,-96.4661,1553551225,3517970,,38,1011.0,,89.17,93.0,86.0,Pochutla,,,,,,MX,"[{'id': 800, 'main': 'Clear', 'description': 'sky is clear', 'icon': '02d'}]",120.0,,12.75
0,6.1241,81.1185,1553548200,1244926,,100,1010.0,,73.4,73.4,73.4,Hambantota,,,,,,LK,"[{'id': 800, 'main': 'Clear', 'description': 'Sky is Clear', 'icon': '01n'}]",56.0003,,10.54
20,1.3256,124.8386,1553551200,1623446,,100,1012.0,,71.6,71.6,71.6,Tomohon,,,,,,ID,"[{'id': 801, 'main': 'Clouds', 'description': 'few clouds', 'icon': '02n'}]",190.0,,1.12
12,-21.1342,-41.6801,1553551453,3469425,974.05,66,1012.22,1012.22,77.85,77.85,77.85,Bom Jesus do Itabapoana,,,,,,BR,"[{'id': 801, 'main': 'Clouds', 'description': 'few clouds', 'icon': '02n'}]",128.5,,6.17
88,-9.6522,120.2637,1553551454,1622318,975.89,98,1010.98,1010.98,76.05,76.05,76.05,Waingapu,,,,,,ID,"[{'id': 804, 'main': 'Clouds', 'description': 'overcast clouds', 'icon': '04n'}]",306.0,,3.71
24,26.7146,93.9702,1553551454,1273166,1000.69,93,1012.98,1012.98,61.56,61.56,61.56,Dergaon,,,,,,IN,"[{'id': 801, 'main': 'Clouds', 'description': 'few clouds', 'icon': '02n'}]",338.0,,2.48
64,54.4299,31.8996,1553551454,525426,981.17,78,1006.02,1006.02,32.58,32.58,32.58,Sobolevo,,,,,,RU,"[{'id': 803, 'main': 'Clouds', 'description': 'broken clouds', 'icon': '04n'}]",235.0,,7.07
48,49.98,92.0689,1553551455,1515029,813.41,63,1028.62,1028.62,10.71,10.71,10.71,Ulaangom,,,,,,MN,"[{'id': 802, 'main': 'Clouds', 'description': 'scattered clouds', 'icon': '03n'}]",350.0,,2.15
48,67.4555,153.7071,1553551455,2121025,1003.57,72,1014.62,1014.62,-10.9,-10.9,-10.9,Srednekolymsk,,,,,,RU,"[{'id': 802, 'main': 'Clouds', 'description': 'scattered clouds', 'icon': '03n'}]",350.0,,6.06
0,56.1247,101.172,1553549400,2013399,,36,1026.0,,14.0,14.0,14.0,Vikhorevka,,,,,,RU,"[{'id': 800, 'main': 'Clear', 'description': 'Sky is Clear', 'icon': '01n'}]",350.0,,6.71
92,-33.9631,22.4617,1553547600,1002145,,93,1022.0,,60.8,60.8,60.8,George,,,0.155,,,ZA,"[{'id': 500, 'main': 'Rain', 'description': 'light rain', 'icon': '10n'}]",231.5,,3.6
0,66.4976,25.7192,1553548800,638936,,53,1004.0,,23.0,23.0,23.0,Rovaniemi,,,,,,FI,"[{'id': 800, 'main': 'Clear', 'description': 'Sky is Clear', 'icon': '01n'}]",50.0,,2.24
20,-9.8716,-56.084,1553547600,6316343,,88,1010.0,,78.8,78.8,78.8,Alta Floresta,,,,,,BR,"[{'id': 801, 'main': 'Clouds', 'description': 'few clouds', 'icon': '02d'}]",350.0,,2.24
40,13.2167,80.3167,1553549400,1267433,,83,1010.0,,82.4,82.4,82.4,Kattivakkam,,,,,,IN,"[{'id': 802, 'main': 'Clouds', 'description': 'scattered clouds', 'icon': '03n'}]",190.0,,3.36
0,-34.581,150.846,1553551445,6255012,,54,1015.0,,64.51,66.99,62.01,Flinders,,,,,,AU,"[{'id': 800, 'main': 'Clear', 'description': 'Sky is Clear', 'icon': '01n'}]",241.0,6.71,11.99
8,19.1696,83.418,1553551458,1258289,953.65,87,1011.06,1011.06,62.01,62.01,62.01,Rayagada,,,,,,IN,"[{'id': 800, 'main': 'Clear', 'description': 'sky is clear', 'icon': '02n'}]",182.5,,2.37
44,-21.15,149.2,1553551209,2159220,,88,1014.0,,79.11,81.0,77.0,Mackay,,,,,,AU,"[{'id': 802, 'main': 'Clouds', 'description': 'scattered clouds', 'icon': '03n'}]",240.0,,4.7
92,-20.9169,167.2646,1553551459,2137690,1014.05,87,1014.86,1014.86,79.65,79.65,79.65,We,,,,,,NC,"[{'id': 804, 'main': 'Clouds', 'description': 'overcast clouds', 'icon': '04n'}]",111.5,,12.77
0,37.175,-99.6516,1553551218,4267710,,54,1024.0,,59.0,59.0,59.0,Sitka,,,,,,US,"[{'id': 800, 'main': 'Clear', 'description': 'Sky is Clear', 'icon': '01d'}]",48.0003,,4.61
36,13.9297,41.6925,1553551461,338345,965.57,67,1007.66,1007.66,77.4,77.4,77.4,Edd,,,,,,ER,"[{'id': 802, 'main': 'Clouds', 'description': 'scattered clouds', 'icon': '03n'}]",17.5003,,4.38
36,40.5288,68.0329,1553551461,1514125,984.77,65,1014.86,1014.86,52.92,52.92,52.92,Dustlik,,,,,,UZ,"[{'id': 802, 'main': 'Clouds', 'description': 'scattered clouds', 'icon': '03n'}]",126.5,,9.19
0,17.4168,120.5955,1553551462,1693835,973.81,78,1014.46,1014.46,62.1,62.1,62.1,Pilar,,,,,,PH,"[{'id': 800, 'main': 'Clear', 'description': 'Sky is Clear', 'icon': '01n'}]",95.0003,,2.37
0,-30.1606,-53.5653,1553547600,3448207,,46,1015.0,,73.4,73.4,73.4,Sao Sepe,,,,,,BR,"[{'id': 800, 'main': 'Clear', 'description': 'Sky is Clear', 'icon': '01d'}]",230.0,,3.36
75,70.4692,-68.5915,1553550480,5924351,,70,998.0,,1.4,1.4,1.4,Clyde River,,,,,,CA,"[{'id': 803, 'main': 'Clouds', 'description': 'broken clouds', 'icon': '04d'}]",320.0,15.4,27.51
0,45.7694,40.154,1553551217,582817,,79,1016.0,,35.01,35.01,35.01,Alekseyevskaya,,,,,,RU,"[{'id': 800, 'main': 'Clear', 'description': 'Sky is Clear', 'icon': '01n'}]",116.0,,6.51
76,6.7526,-11.367,1553551464,2274275,1008.29,100,1010.94,1010.94,82.17,82.17,82.17,Robertsport,,,,,,LR,"[{'id': 803, 'main': 'Clouds', 'description': 'broken clouds', 'icon': '04n'}]",246.5,,7.18
40,34.1651,-84.8,1553551444,4186531,,77,1015.0,,64.26,69.01,59.0,Cartersville,,,,,,US,"[{'id': 721, 'main': 'Haze', 'description': 'haze', 'icon': '50d'}]",310.0,,8.05
40,18.4167,-64.6167,1553551438,3577430,,65,1015.0,,78.62,80.6,77.0,Road Town,,,,,,VG,"[{'id': 802, 'main': 'Clouds', 'description': 'scattered clouds', 'icon': '03d'}]",140.0,,9.17
0,-40.8086,-62.9947,1553551465,3832899,1019.81,43,1023.66,1023.66,64.71,64.71,64.71,Viedma,,,,,,AR,"[{'id': 800, 'main': 'Clear', 'description': 'Sky is Clear', 'icon': '01d'}]",80.5003,,7.4
40,-18.9187,-48.2773,1553547600,3445831,,54,1015.0,,80.6,80.6,80.6,Uberlandia,,,,,,BR,"[{'id': 802, 'main': 'Clouds', 'description': 'scattered clouds', 'icon': '03d'}]",100.0,,3.36
92,-2.9248,-39.9167,1553551466,3393692,1005.41,89,1011.1,1011.1,79.47,79.47,79.47,Itarema,,,,,,BR,"[{'id': 804, 'main': 'Clouds', 'description': 'overcast clouds', 'icon': '04n'}]",346.5,,5.39
20,68.2183,-135.0136,1553547600,5882953,,59,1014.0,,37.4,37.4,37.4,Aklavik,,,,,,CA,"[{'id': 801, 'main': 'Clouds', 'description': 'few clouds', 'icon': '02d'}]",150.0,,4.7
90,50.2334,-63.5987,1553548500,5972291,,47,1007.0,,12.2,12.2,12.2,Havre-Saint-Pierre,,,,,,CA,"[{'id': 804, 'main': 'Clouds', 'description': 'overcast clouds', 'icon': '04d'}]",280.0,17.0,29.97
0,-26.8449,-53.579,1553551272,3448454,,99,1016.0,,75.99,75.99,75.99,Belmonte,,,,,,BR,"[{'id': 800, 'main': 'Clear', 'description': 'Sky is Clear', 'icon': '01n'}]",199.5,,5.73
76,-16.4834,-151.75,1553551468,4034551,1013.17,100,1013.34,1013.34,83.7,83.7,83.7,Faanui,,,,,,PF,"[{'id': 803, 'main': 'Clouds', 'description': 'broken clouds', 'icon': '04d'}]",80.0003,,14.56
0,17.137,-95.0498,1553551468,3522013,1001.65,43,1012.34,1012.34,90.27,90.27,90.27,Nuevo Progreso,,,,,,MX,"[{'id': 800, 'main': 'Clear', 'description': 'Sky is Clear', 'icon': '01d'}]",26.0003,,10.54
80,-26.7853,-60.4388,1553551247,3840300,1002.93,56,1013.22,1013.22,82.08,82.08,82.08,Presidencia Roque Saenz Pena,,,,,,AR,"[{'id': 803, 'main': 'Clouds', 'description': 'broken clouds', 'icon': '04d'}]",113.0,,8.52
64,-2.0226,147.2712,1553551469,2092164,1009.65,100,1011.74,1011.74,79.83,79.83,79.83,Lorengau,,,1.42,,,PG,"[{'id': 500, 'main': 'Rain', 'description': 'light rain', 'icon': '10n'}]",296.0,,5.17
40,20.8894,-156.4728,1553551420,5847411,,69,1020.0,,73.38,75.99,71.01,Kahului,,,,,,US,"[{'id': 802, 'main': 'Clouds', 'description': 'scattered clouds', 'icon': '03d'}]",70.0,,14.99
92,-6.4636,108.4402,1553551470,1641342,1004.77,100,1010.46,1010.46,76.77,76.77,76.77,Karangampel,,,4.765,,,ID,"[{'id': 501, 'main': 'Rain', 'description': 'moderate rain', 'icon': '10n'}]",172.5,,4.05
20,28.1232,77.5572,1553549400,1269056,,72,1013.0,,64.4,64.4,64.4,Jewar,,,,,,IN,"[{'id': 721, 'main': 'Haze', 'description': 'haze', 'icon': '50n'}]",240.0,,4.7
75,2.8171,101.4995,1553551097,1734781,,94,1010.0,,77.58,78.8,77.0,Banting,,,,,,MY,"[{'id': 803, 'main': 'Clouds', 'description': 'broken clouds', 'icon': '04n'}]",121.5,,5.5
75,41.49,-71.3138,1553551210,5223593,,70,1017.0,,45.81,51.01,39.99,Newport,,,,,,US,"[{'id': 803, 'main': 'Clouds', 'description': 'broken clouds', 'icon': '04d'}]",180.0,,10.29
12,27.0332,14.4317,1553551472,2212775,967.89,64,1019.42,1019.42,55.17,55.17,55.17,Sabha,,,,,,LY,"[{'id': 801, 'main': 'Clouds', 'description': 'few clouds', 'icon': '02n'}]",323.5,,2.93
44,58.3333,68.1333,1553551472,1505495,1008.21,81,1015.98,1015.98,34.47,34.47,34.47,Irtyshskiy,,,,,,RU,"[{'id': 802, 'main': 'Clouds', 'description': 'scattered clouds', 'icon': '03n'}]",156.0,,15.46
20,19.05,-95.9834,1553546460,3532821,,55,1014.0,,86.0,86.0,86.0,Anton Lizardo,,,,,,MX,"[{'id': 801, 'main': 'Clouds', 'description': 'few clouds', 'icon': '02d'}]",90.0,,9.17
40,-5.1989,-35.4609,1553547600,3386213,,74,1010.0,,84.2,84.2,84.2,Touros,,,,,,BR,"[{'id': 802, 'main': 'Clouds', 'description': 'scattered clouds', 'icon': '03n'}]",130.0,,9.17
40,-2.9889,104.7569,1553549400,1633070,,94,1010.0,,78.8,78.8,78.8,Palembang,,,,,,ID,"[{'id': 701, 'main': 'Mist', 'description': 'mist', 'icon': '50n'}]",200.0,,9.17
80,46.448,135.8294,1553551474,2013279,935.89,73,1002.98,1002.98,24.66,24.66,24.66,Vostok,,,,,,RU,"[{'id': 803, 'main': 'Clouds', 'description': 'broken clouds', 'icon': '04n'}]",252.5,,6.4
76,36.6219,101.773,1553551474,1788852,735.65,78,1023.18,1023.18,21.33,21.33,21.33,Xining,,,,,,CN,"[{'id': 803, 'main': 'Clouds', 'description': 'broken clouds', 'icon': '04n'}]",81.5003,,2.04
90,37.6792,-95.4573,1553551286,4269392,,76,1025.0,,54.46,55.4,53.6,Chanute,,,,,,US,"[{'id': 804, 'main': 'Clouds', 'description': 'overcast clouds', 'icon': '04d'}]",340.0,,10.29
44,-43.2532,-65.3095,1553551475,3833883,1011.89,46,1022.9,1022.9,65.61,65.61,65.61,Trelew,,,,,,AR,"[{'id': 802, 'main': 'Clouds', 'description': 'scattered clouds', 'icon': '03d'}]",59.5003,,10.2
68,13.7796,124.39,1553551476,1712961,1004.45,100,1014.3,1014.3,77.67,77.67,77.67,Gigmoto,,,,,,PH,"[{'id': 803, 'main': 'Clouds', 'description': 'broken clouds', 'icon': '04n'}]",49.5003,,12.21
20,35.2072,-101.8339,1553551438,5516233,,45,1024.0,,66.0,69.01,62.01,Amarillo,,,,,,US,"[{'id': 801, 'main': 'Clouds', 'description': 'few clouds', 'icon': '02d'}]",,,5.82
88,26.4243,112.8543,1553551477,1804208,1000.05,94,1018.74,1018.74,53.46,53.46,53.46,Leiyang,,,,,,CN,"[{'id': 804, 'main': 'Clouds', 'description': 'overcast clouds', 'icon': '04n'}]",221.0,,2.93
0,55.9596,92.3754,1553549400,1507379,,92,1029.0,,21.2,21.2,21.2,Divnogorsk,,,,,,RU,"[{'id': 800, 'main': 'Clear', 'description': 'Sky is Clear', 'icon': '01n'}]",290.0,,2.24
92,-1.2017,-46.0206,1553551222,3402648,1011.01,98,1011.3,1011.3,76.41,76.41,76.41,Carutapera,,,1.255,,,BR,"[{'id': 500, 'main': 'Rain', 'description': 'light rain', 'icon': '10n'}]",353.0,,3.71
76,62.55,155.55,1553551478,2125906,895.57,81,1002.14,1002.14,0.99,0.99,0.99,Dukat,,,,,,RU,"[{'id': 803, 'main': 'Clouds', 'description': 'broken clouds', 'icon': '04n'}]",342.5,,10.42
40,-0.7194,8.7815,1553547600,2396518,,94,1011.0,,78.8,78.8,78.8,Port-Gentil,,,,,,GA,"[{'id': 802, 'main': 'Clouds', 'description': 'scattered clouds', 'icon': '03n'}]",191.5,,3.15
20,33.1812,-102.2744,1553551225,5517675,,37,1024.0,,69.96,73.99,66.2,Brownfield,,,,,,US,"[{'id': 801, 'main': 'Clouds', 'description': 'few clouds', 'icon': '02d'}]",80.0,,5.82
48,-22.4334,-151.3334,1553551479,4034188,1015.41,100,1015.46,1015.46,77.31,77.31,77.31,Moerai,,,0.34,,,PF,"[{'id': 500, 'main': 'Rain', 'description': 'light rain', 'icon': '10d'}]",121.5,,11.99
36,-6.343,31.073,1553551480,153176,887.17,95,1009.62,1009.62,65.16,65.16,65.16,Mpanda,,,0.275,,,TZ,"[{'id': 500, 'main': 'Rain', 'description': 'light rain', 'icon': '10n'}]",33.0003,,3.38
0,27.8734,-0.2875,1553547600,2508813,,26,1012.0,,78.8,78.8,78.8,Adrar,,,,,,DZ,"[{'id': 800, 'main': 'Clear', 'description': 'Sky is Clear', 'icon': '01n'}]",130.0,,12.75
92,5.3941,26.4927,1553551481,236950,942.45,96,1010.98,1010.98,68.31,68.31,68.31,Obo,,,7.44,,,CF,"[{'id': 501, 'main': 'Rain', 'description': 'moderate rain', 'icon': '10n'}]",50.0003,,8.97
0,40.8518,122.7433,1553551481,2037086,991.65,31,1019.3,1019.3,27.72,27.72,27.72,Haicheng,,,,,,CN,"[{'id': 800, 'main': 'Clear', 'description': 'Sky is Clear', 'icon': '01n'}]",51.0003,,5.73
64,-10.4569,161.9202,1553551482,2178753,1007.89,100,1010.78,1010.78,82.71,82.71,82.71,Kirakira,,,,,,SB,"[{'id': 803, 'main': 'Clouds', 'description': 'broken clouds', 'icon': '04n'}]",228.5,,2.93
12,56.5596,76.6246,1553551482,1501000,1014.53,81,1029.42,1029.42,19.26,19.26,19.26,Kyshtovka,,,,,,RU,"[{'id': 801, 'main': 'Clouds', 'description': 'few clouds', 'icon': '02n'}]",147.0,,8.97
1,45.6181,-61.3575,1553551422,6111867,,54,1011.0,,30.88,33.01,28.0,Port Hawkesbury,,,,,,CA,"[{'id': 800, 'main': 'Clear', 'description': 'sky is clear', 'icon': '01d'}]",310.0,7.7,11.41
32,-16.7001,-151.0167,1553551483,4034496,1012.29,97,1013.54,1013.54,84.24,84.24,84.24,Fare,,,,,,PF,"[{'id': 802, 'main': 'Clouds', 'description': 'scattered clouds', 'icon': '03d'}]",79.5003,,13.67
76,3.3,117.6333,1553551206,1624725,1011.33,100,1011.82,1011.82,76.59,76.59,76.59,Tarakan,,,4.1,,,ID,"[{'id': 501, 'main': 'Rain', 'description': 'moderate rain', 'icon': '10n'}]",12.5003,,2.15
92,56.0102,50.4483,1553551483,575728,982.53,93,1000.62,1000.62,32.58,32.58,32.58,Bogatyye Saby,,,,,,RU,"[{'id': 804, 'main': 'Clouds', 'description': 'overcast clouds', 'icon': '04n'}]",266.5,,19.71
0,35.0712,116.3112,1553551484,1787335,1011.65,46,1016.14,1016.14,44.82,44.82,44.82,Jinxiang,,,,,,CN,"[{'id': 800, 'main': 'Clear', 'description': 'Sky is Clear', 'icon': '01n'}]",214.5,,10.76
32,4.1363,96.1285,1553551484,1214488,1007.17,100,1009.42,1009.42,79.56,79.56,79.56,Meulaboh,,,,,,ID,"[{'id': 802, 'main': 'Clouds', 'description': 'scattered clouds', 'icon': '03n'}]",52.5003,,3.94
0,40.4707,141.4816,1553551207,2130203,,80,1004.0,,42.01,42.01,42.01,Hachinohe,,,0.035,,,JP,"[{'id': 800, 'main': 'Clear', 'description': 'Sky is Clear', 'icon': '01n'}]",216.5,,5.73
0,-25.408,-70.4859,1553551485,3870243,858.21,71,1011.54,1011.54,68.85,68.85,68.85,Taltal,,,,,,CL,"[{'id': 800, 'main': 'Clear', 'description': 'Sky is Clear', 'icon': '01d'}]",205.5,,3.6
88,-34.4811,-54.3366,1553551485,3440777,999.33,87,1016.1,1016.1,63.09,63.09,63.09,Rocha,,,0.47,,,UY,"[{'id': 500, 'main': 'Rain', 'description': 'light rain', 'icon': '10n'}]",212.5,,9.42
1,36.0652,-119.0168,1553551405,5384471,,33,1018.0,,71.98,77.0,63.0,Porterville,,,,,,US,"[{'id': 800, 'main': 'Clear', 'description': 'sky is clear', 'icon': '01d'}]",10.0,,5.82
75,-34.9088,-54.9583,1553547600,3441894,,68,1017.0,,64.4,64.4,64.4,Maldonado,,,,,,UY,"[{'id': 803, 'main': 'Clouds', 'description': 'broken clouds', 'icon': '04d'}]",150.0,,14.99
8,10.3999,5.4695,1553551487,2334008,976.45,46,1008.66,1008.66,86.67,86.67,86.67,Kontagora,,,,,,NG,"[{'id': 800, 'main': 'Clear', 'description': 'sky is clear', 'icon': '02n'}]",133.5,,6.96
40,22.6731,113.2295,1553551450,1806299,,88,1017.0,,67.28,70.0,64.0,Xiaolan,,,,,,CN,"[{'id': 701, 'main': 'Mist', 'description': 'mist', 'icon': '50n'}]",10.0,,8.05
0,27.971,-114.0364,1553551487,4021858,1004.53,42,1015.62,1015.62,75.69,75.69,75.69,Guerrero Negro,,,,,,MX,"[{'id': 800, 'main': 'Clear', 'description': 'Sky is Clear', 'icon': '01d'}]",279.0,,9.64
32,49.4949,-117.2901,1553551362,6086871,855.65,68,1018.18,1018.18,42.03,42.03,42.03,Nelson,,,,,,CA,"[{'id': 802, 'main': 'Clouds', 'description': 'scattered clouds', 'icon': '03d'}]",162.0,,2.15
75,63.7494,-68.5219,1553551326,5983720,,60,990.0,,5.0,5.0,5.0,Iqaluit,,,,,,CA,"[{'id': 803, 'main': 'Clouds', 'description': 'broken clouds', 'icon': '04d'}]",110.0,8.2,12.75
88,62.8662,51.8991,1553551488,492860,973.89,91,991.62,991.62,31.41,31.41,31.41,Sindor,,,,,,RU,"[{'id': 804, 'main': 'Clouds', 'description': 'overcast clouds', 'icon': '04n'}]",31.0003,,9.75
92,-30.8636,30.3705,1553551489,978895,1001.81,100,1016.66,1016.66,70.74,70.74,70.74,Margate,,,2.96,,,ZA,"[{'id': 500, 'main': 'Rain', 'description': 'light rain', 'icon': '10n'}]",200.5,,15.46
0,43.3236,145.575,1553551489,2128975,1010.53,92,1010.78,1010.78,33.57,33.57,33.57,Nemuro,,,,,,JP,"[{'id': 800, 'main': 'Clear', 'description': 'Sky is Clear', 'icon': '01n'}]",247.0,,5.61
12,34.0333,75.3333,1553551490,1260880,617.17,72,1022.14,1022.14,1.89,1.89,1.89,Pahalgam,,,,,,IN,"[{'id': 801, 'main': 'Clouds', 'description': 'few clouds', 'icon': '02n'}]",49.0003,,2.15
40,-17.7334,-149.15,1553551347,4033557,,62,1013.0,,87.37,87.8,87.01,Tautira,,,,,,PF,"[{'id': 802, 'main': 'Clouds', 'description': 'scattered clouds', 'icon': '03d'}]",250.0,,8.05
36,-1.8297,-56.2258,1553551490,3401225,1002.05,88,1008.42,1008.42,81.63,81.63,81.63,Amapa,,,3.79,,,BR,"[{'id': 501, 'main': 'Rain', 'description': 'moderate rain', 'icon': '10n'}]",198.5,,3.15
92,-28.65,153.6167,1553551227,2172880,,74,1015.0,,78.6,82.0,75.2,Byron Bay,,,,,,AU,"[{'id': 804, 'main': 'Clouds', 'description': 'overcast clouds', 'icon': '04n'}]",330.0,,9.17
75,-16.9916,145.4227,1553550916,2158767,,100,1013.0,,74.59,77.0,70.0,Mareeba,,,,,,AU,"[{'id': 522, 'main': 'Rain', 'description': 'heavy intensity shower rain', 'icon': '09n'}]",84.5003,,4.38
92,-45.4145,167.7175,1553551492,2181625,939.33,87,1001.22,1001.22,63.0,63.0,63.0,Te Anau,,,5.505,,,NZ,"[{'id': 501, 'main': 'Rain', 'description': 'moderate rain', 'icon': '10n'}]",330.0,,15.46
56,-15.1902,12.1531,1553551492,3347019,1006.93,100,1010.74,1010.74,75.96,75.96,75.96,Namibe,,,,,,AO,"[{'id': 803, 'main': 'Clouds', 'description': 'broken clouds', 'icon': '04n'}]",245.0,,4.72
0,12.5348,-13.1213,1553551492,2414055,999.33,38,1008.54,1008.54,86.76,86.76,86.76,Youkounkoun,,,,,,GN,"[{'id': 800, 'main': 'Clear', 'description': 'Sky is Clear', 'icon': '01n'}]",276.5,,7.4
90,38.61,-95.6845,1553551382,4274906,,50,1025.0,,55.76,57.99,53.01,Lyndon,,,,,,US,"[{'id': 804, 'main': 'Clouds', 'description': 'overcast clouds', 'icon': '04d'}]",10.0,,10.29
12,38.9365,100.4556,1553551493,1785036,820.53,58,1024.34,1024.34,27.0,27.0,27.0,Zhangye,,,,,,CN,"[{'id': 801, 'main': 'Clouds', 'description': 'few clouds', 'icon': '02n'}]",229.0,,4.38
36,-10.6167,150.6667,1553551494,2132606,1007.41,100,1010.5,1010.5,81.63,81.63,81.63,Samarai,,,,,,PG,"[{'id': 802, 'main': 'Clouds', 'description': 'scattered clouds', 'icon': '03n'}]",238.5,,15.23
0,49.9936,31.5691,1553549400,691052,,94,1008.0,,35.6,35.6,35.6,Tsybli,,,,,,UA,"[{'id': 800, 'main': 'Clear', 'description': 'Sky is Clear', 'icon': '01n'}]",260.0,,4.47
0,13.6017,26.6876,1553551495,364933,930.45,16,1009.98,1009.98,76.14,76.14,76.14,Umm Kaddadah,,,,,,SD,"[{'id': 800, 'main': 'Clear', 'description': 'Sky is Clear', 'icon': '01n'}]",49.0003,,12.55
36,66.5606,67.7975,1553551495,1512019,1005.89,82,1010.14,1010.14,23.49,23.49,23.49,Aksarka,,,,,,RU,"[{'id': 802, 'main': 'Clouds', 'description': 'scattered clouds', 'icon': '03n'}]",177.5,,11.65
76,-3.6642,152.4407,1553551495,2090021,1005.33,100,1011.14,1011.14,81.54,81.54,81.54,Namatanai,,,,,,PG,"[{'id': 803, 'main': 'Clouds', 'description': 'broken clouds', 'icon': '04n'}]",269.0,,12.21
0,50.5723,123.7337,1553551496,2038665,943.17,66,1018.82,1018.82,10.98,10.98,10.98,Alihe,,,,,,CN,"[{'id': 800, 'main': 'Clear', 'description': 'Sky is Clear', 'icon': '01n'}]",327.5,,6.51
92,60.3964,-1.353,1553548800,2654970,,87,1026.0,,44.6,44.6,44.6,Brae,,,,,,GB,"[{'id': 804, 'main': 'Clouds', 'description': 'overcast clouds', 'icon': '04n'}]",240.0,,10.29
90,41.2835,-70.0995,1553551298,4944903,,60,1017.0,,40.3,43.0,37.99,Nantucket,,,,,,US,"[{'id': 804, 'main': 'Clouds', 'description': 'overcast clouds', 'icon': '04d'}]",50.0,,9.17
0,6.8833,73.1,1553551497,1337612,1009.89,100,1010.02,1010.02,84.69,84.69,84.69,Dhidhdhoo,,,,,,MV,"[{'id': 800, 'main': 'Clear', 'description': 'Sky is Clear', 'icon': '01n'}]",75.5003,,5.39
56,2.7743,27.6208,1553551498,215771,926.93,82,1010.18,1010.18,74.97,74.97,74.97,Isiro,,,2.695,,,CD,"[{'id': 500, 'main': 'Rain', 'description': 'light rain', 'icon': '10n'}]",175.5,,3.38
0,27.2692,31.1517,1553547600,362973,,38,1014.0,,59.0,59.0,59.0,Abnub,,,,,,EG,"[{'id': 800, 'main': 'Clear', 'description': 'Sky is Clear', 'icon': '01n'}]",270.0,,13.87
44,46.7325,38.5709,1553551500,488635,1013.09,87,1014.66,1014.66,42.75,42.75,42.75,Nikolayevka,,,,,,RU,"[{'id': 802, 'main': 'Clouds', 'description': 'scattered clouds', 'icon': '03n'}]",205.5,,12.66
56,-11.7791,19.9123,1553551501,3347719,867.81,87,1010.06,1010.06,66.69,66.69,66.69,Luena,,,,,,AO,"[{'id': 803, 'main': 'Clouds', 'description': 'broken clouds', 'icon': '04n'}]",292.5,,2.59
0,56.7292,85.4429,1553551304,1511846,,85,1030.0,,23.83,27.0,19.99,Oktyabrskoye,,,,,,RU,"[{'id': 800, 'main': 'Clear', 'description': 'Sky is Clear', 'icon': '01n'}]",68.0003,,2.71
0,55.9643,97.8245,1553551502,1510041,982.21,71,1032.22,1032.22,14.04,14.04,14.04,Biryusinsk,,,,,,RU,"[{'id': 800, 'main': 'Clear', 'description': 'Sky is Clear', 'icon': '01n'}]",19.5003,,2.37
76,9.51,-7.5692,1553551502,2283016,958.77,68,1008.26,1008.26,78.3,78.3,78.3,Odienne,,,2.26,,,CI,"[{'id': 500, 'main': 'Rain', 'description': 'light rain', 'icon': '10n'}]",218.0,,7.18
90,-19.8,-174.3501,1553547600,4032369,,78,1014.0,,80.6,80.6,80.6,Pangai,,,,,,TO,"[{'id': 804, 'main': 'Clouds', 'description': 'overcast clouds', 'icon': '04d'}]",90.0,,16.11
75,50.2001,-66.3821,1553551103,6144312,,27,1009.0,,12.72,12.99,12.2,Sept-Iles,,,,,,CA,"[{'id': 803, 'main': 'Clouds', 'description': 'broken clouds', 'icon': '04d'}]",280.0,10.3,16.11
88,-1.8243,-44.873,1553551505,3401148,1010.29,95,1011.26,1011.26,77.31,77.31,77.31,Cururupu,,,0.52,,,BR,"[{'id': 500, 'main': 'Rain', 'description': 'light rain', 'icon': '10n'}]",30.5003,,3.38
0,52.2922,-1.5357,1553551505,2644737,,62,1035.0,,41.31,45.0,37.99,Royal Leamington Spa,,,,,,GB,"[{'id': 800, 'main': 'Clear', 'description': 'Sky is Clear', 'icon': '01n'}]",320.0,,4.7
92,-1.0243,-79.4413,1553551506,3652567,846.21,100,1007.42,1007.42,65.16,65.16,65.16,San Cristobal,,,1.485,,,EC,"[{'id': 500, 'main': 'Rain', 'description': 'light rain', 'icon': '10d'}]",270.0,,2.59
20,37.7167,-25.4334,1553551493,3372472,,82,1024.0,,56.95,59.0,55.0,Vila Franca do Campo,,,,,,PT,"[{'id': 801, 'main': 'Clouds', 'description': 'few clouds', 'icon': '02n'}]",20.0,,11.41
56,60.743,56.7335,1553551507,516588,969.65,95,994.74,994.74,33.03,33.03,33.03,Nyrob,,,0.485,,,RU,"[{'id': 500, 'main': 'Rain', 'description': 'light rain', 'icon': '10n'}]",170.0,,16.8
5,16.9875,-99.2589,1553547240,3532499,,66,1009.0,,86.0,86.0,86.0,Tecoanapa,,,,,,MX,"[{'id': 800, 'main': 'Clear', 'description': 'sky is clear', 'icon': '02d'}]",230.0,,5.82
75,-4.2626,-55.9879,1553547600,3397967,,88,1009.0,,77.0,77.0,77.0,Itaituba,,,,,,BR,"[{'id': 803, 'main': 'Clouds', 'description': 'broken clouds', 'icon': '04d'}]",110.0,,2.04
80,-4.9409,122.5276,1553551508,1640972,1008.21,100,1011.46,1011.46,78.12,78.12,78.12,Katobu,,,,,,ID,"[{'id': 803, 'main': 'Clouds', 'description': 'broken clouds', 'icon': '04n'}]",352.0,,1.7
0,52.6573,17.9501,1553551492,3091523,,93,1017.0,,35.51,37.0,32.0,Mogilno,,,,,,PL,"[{'id': 800, 'main': 'Clear', 'description': 'Sky is Clear', 'icon': '01n'}]",320.0,,6.93
0,33.1473,68.7778,1553551509,1120879,764.21,62,1018.9,1018.9,19.17,19.17,19.17,Sharan,,,,,,AF,"[{'id': 800, 'main': 'Clear', 'description': 'Sky is Clear', 'icon': '01n'}]",305.0,,2.48
90,59.9616,29.4167,1553551502,536466,,93,1000.0,,32.31,34.0,30.0,Lebyazhye,,,,,,RU,"[{'id': 620, 'main': 'Snow', 'description': 'light shower snow', 'icon': '13n'}]",280.0,,11.18
75,-20.2078,57.7625,1553551447,1106643,,94,1009.0,,76.06,77.0,75.0,Quatre Cocos,,,,,,MU,"[{'id': 521, 'main': 'Rain', 'description': 'proximity shower rain', 'icon': '09n'}]",150.5,,11.43
1,36.2083,-115.984,1553551265,5509851,,18,1020.0,,71.55,77.0,66.0,Pahrump,,,,,,US,"[{'id': 800, 'main': 'Clear', 'description': 'sky is clear', 'icon': '01d'}]",,,3.36
48,52.5132,99.827,1553551511,1496073,799.89,69,1029.14,1029.14,8.28,8.28,8.28,Orlik,,,,,,RU,"[{'id': 802, 'main': 'Clouds', 'description': 'scattered clouds', 'icon': '03n'}]",333.0,,2.15
0,10.2069,-67.5588,1553551511,3753107,936.29,45,1008.18,1008.18,85.14,85.14,85.14,Santa Rita,,,,,,VE,"[{'id': 800, 'main': 'Clear', 'description': 'Sky is Clear', 'icon': '01d'}]",352.0,,3.15
75,3.1667,113.0333,1553547600,1737486,,100,1010.0,,75.07,75.2,75.0,Bintulu,,,,,,MY,"[{'id': 803, 'main': 'Clouds', 'description': 'broken clouds', 'icon': '04n'}]",110.0,,3.36
90,46.1879,-123.8313,1553551298,5711847,,87,1012.0,,48.96,52.0,46.0,Astoria,,0.42,,,,US,"[{'id': 500, 'main': 'Rain', 'description': 'light rain', 'icon': '10d'}]",60.0,,3.36
80,52.6881,35.7683,1553551513,540776,981.81,84,1008.94,1008.94,31.41,31.41,31.41,Kromy,,,,,,RU,"[{'id': 803, 'main': 'Clouds', 'description': 'broken clouds', 'icon': '04n'}]",171.0,,4.94
0,53.9828,79.2374,1553551513,1501988,1012.53,77,1030.46,1030.46,16.38,16.38,16.38,Krasnozerskoye,,,,,,RU,"[{'id': 800, 'main': 'Clear', 'description': 'Sky is Clear', 'icon': '01n'}]",91.5003,,3.15
0,67.6549,134.6351,1553551514,2027044,984.53,34,1020.5,1020.5,-23.86,-23.86,-23.86,Batagay,,,,,,RU,"[{'id': 800, 'main': 'Clear', 'description': 'Sky is Clear', 'icon': '01n'}]",339.5,,2.93
40,42.8666,-106.3131,1553551244,5820705,,64,1024.0,,48.74,50.0,48.0,Casper,,,,,,US,"[{'id': 802, 'main': 'Clouds', 'description': 'scattered clouds', 'icon': '03d'}]",230.0,,14.99
12,67.5527,133.3912,1553551514,2013465,974.05,32,1020.78,1020.78,-22.78,-22.78,-22.78,Verkhoyansk,,,,,,RU,"[{'id': 801, 'main': 'Clouds', 'description': 'few clouds', 'icon': '02n'}]",334.0,,2.48
75,-34.9275,138.5999,1553551506,2078025,,51,1022.0,,60.4,64.0,57.0,Adelaide,,,,,,AU,"[{'id': 803, 'main': 'Clouds', 'description': 'broken clouds', 'icon': '04n'}]",210.0,,11.41
90,29.6994,-91.2068,1553551278,4333811,,61,1017.0,,77.86,81.0,75.0,Morgan City,,,,,,US,"[{'id': 804, 'main': 'Clouds', 'description': 'overcast clouds', 'icon': '04d'}]",230.0,9.8,13.87
0,-9.0119,-35.2226,1553551292,3395458,1002.53,76,1011.1,1011.1,81.27,81.27,81.27,Maragogi,,,,,,BR,"[{'id': 800, 'main': 'Clear', 'description': 'Sky is Clear', 'icon': '01n'}]",98.5003,,7.4
75,47.0999,-55.7651,1553551273,5964230,,92,1009.0,,31.42,35.01,30.0,Grand Bank,,,,,,CA,"[{'id': 803, 'main': 'Clouds', 'description': 'broken clouds', 'icon': '04d'}]",270.0,,17.22
20,-22.8173,-43.4117,1553551508,3456160,,62,1011.0,,83.7,87.8,82.4,Olinda,,,,,,BR,"[{'id': 801, 'main': 'Clouds', 'description': 'few clouds', 'icon': '02n'}]",210.0,,6.93
0,-39.4909,176.9179,1553551207,2186313,,56,1015.0,,73.99,73.99,73.99,Napier,,,,,,NZ,"[{'id': 800, 'main': 'Clear', 'description': 'Sky is Clear', 'icon': '01n'}]",345.0,8.94,11.01
75,23.1292,-82.2613,1553551347,3553478,,78,1016.0,,75.11,75.2,75.0,Santa Fe,,,,,,CU,"[{'id': 521, 'main': 'Rain', 'description': 'proximity shower rain', 'icon': '09d'}]",240.0,,8.05
48,-14.902,50.2794,1553551518,1071296,996.77,91,1009.54,1009.54,80.01,80.01,80.01,Antalaha,,,,,,MG,"[{'id': 802, 'main': 'Clouds', 'description': 'scattered clouds', 'icon': '03n'}]",192.5,,4.61
0,70.0018,135.5498,1553551519,2013921,991.65,0,1021.78,1021.78,-27.55,-27.55,-27.55,Ust-Kuyga,,,,,,RU,"[{'id': 800, 'main': 'Clear', 'description': 'Sky is Clear', 'icon': '01n'}]",53.5003,,2.71
0,7.5273,-12.502,1553551519,2409914,1008.21,78,1010.74,1010.74,81.81,81.81,81.81,Bonthe,,,,,,SL,"[{'id': 800, 'main': 'Clear', 'description': 'Sky is Clear', 'icon': '01n'}]",259.5,,4.72
92,-29.7761,151.1129,1553551375,2162662,,87,1018.0,,67.68,69.01,64.99,Inverell,,,,,,AU,"[{'id': 804, 'main': 'Clouds', 'description': 'overcast clouds', 'icon': '04n'}]",268.5,,6.51
12,64.2742,100.217,1553551519,2014833,974.53,70,1028.14,1028.14,6.03,6.03,6.03,Tura,,,,,,RU,"[{'id': 801, 'main': 'Clouds', 'description': 'few clouds', 'icon': '02n'}]",252.5,,2.93
75,28.3333,-105.4001,1553546400,4003938,,13,1022.0,,78.8,78.8,78.8,Jimenez,,,,,,MX,"[{'id': 803, 'main': 'Clouds', 'description': 'broken clouds', 'icon': '04d'}]",60.0,,6.93
48,29.6986,-9.7313,1553551520,2527089,989.57,83,1007.62,1007.62,62.73,62.73,62.73,Tiznit,,,,,,MA,"[{'id': 802, 'main': 'Clouds', 'description': 'scattered clouds', 'icon': '03n'}]",46.0003,,0.58
0,46.1742,45.3435,1553551521,468747,1018.77,75,1018.06,1018.06,32.76,32.76,32.76,Yashkul,,,,,,RU,"[{'id': 800, 'main': 'Clear', 'description': 'Sky is Clear', 'icon': '01n'}]",201.0,,7.4
0,-26.502,17.1583,1553551521,3358416,893.33,31,1013.54,1013.54,69.39,69.39,69.39,Bethanien,,,,,,NA,"[{'id': 800, 'main': 'Clear', 'description': 'Sky is Clear', 'icon': '01n'}]",174.5,,9.08
90,64.8569,-147.8028,1553551446,5859699,,93,1020.0,,38.03,41.0,36.0,College,,1.27,,,,US,"[{'id': 501, 'main': 'Rain', 'description': 'moderate rain', 'icon': '10d'}, {'id': 701, 'main': 'Mist', 'description': 'mist', 'icon': '50d'}]",50.0,,3.36
68,64.9225,77.785,1553551322,1490085,,78,1018.0,,25.0,25.0,25.0,Tarko-Sale,,,,,0.043,RU,"[{'id': 803, 'main': 'Clouds', 'description': 'broken clouds', 'icon': '04n'}]",180.0,1.79,4.0
40,9.9634,76.2537,1553549400,1273874,,83,1010.0,,82.4,82.4,82.4,Kochi,,,,,,IN,"[{'id': 721, 'main': 'Haze', 'description': 'haze', 'icon': '50n'}]",275.5,,4.05
68,-0.8667,134.0833,1553551522,1636308,1008.77,100,1011.26,1011.26,80.73,80.73,80.73,Manokwari,,,,,,ID,"[{'id': 803, 'main': 'Clouds', 'description': 'broken clouds', 'icon': '04n'}]",297.0,,6.17
40,26.8694,78.5931,1553545800,1277841,,82,1012.0,,68.0,68.0,68.0,Bah,,,,,,IN,"[{'id': 802, 'main': 'Clouds', 'description': 'scattered clouds', 'icon': '03n'}]",300.0,,3.36
36,26.5383,-77.0611,1553551521,3571913,1017.81,100,1017.94,1017.94,74.79,74.79,74.79,Marsh Harbour,,,,,,BS,"[{'id': 802, 'main': 'Clouds', 'description': 'scattered clouds', 'icon': '03d'}]",110.5,,8.19
75,63.7256,8.834,1553551509,3139597,,74,1015.0,,36.55,37.0,35.6,Sistranda,,,,,,NO,"[{'id': 520, 'main': 'Rain', 'description': 'light intensity shower rain', 'icon': '09n'}]",310.0,19.0,28.86
90,21.3936,-157.7438,1553551516,5847486,,73,1019.0,,76.06,80.01,73.4,Kailua,,,,,,US,"[{'id': 521, 'main': 'Rain', 'description': 'proximity shower rain', 'icon': '09d'}]",70.0,10.8,13.87
8,-3.6462,32.1642,1553551525,154654,878.45,87,1009.1,1009.1,62.64,62.64,62.64,Masumbwe,,,,,,TZ,"[{'id': 800, 'main': 'Clear', 'description': 'sky is clear', 'icon': '02n'}]",311.5,,2.71
5,18.1808,-95.2203,1553551339,3530200,,65,1012.0,,84.51,91.99,80.6,El Sauzal,,,,,,MX,"[{'id': 800, 'main': 'Clear', 'description': 'sky is clear', 'icon': '02d'}]",360.0,,11.41
90,39.0016,-77.4033,1553551517,4787534,,76,1016.0,,51.24,59.0,44.01,Sterling,,,,,,US,"[{'id': 500, 'main': 'Rain', 'description': 'light rain', 'icon': '10d'}]",20.0,,11.41
0,-17.7297,-39.2661,1553551362,3466980,1011.17,98,1011.14,1011.14,83.07,83.07,83.07,Caravelas,,,,,,BR,"[{'id': 800, 'main': 'Clear', 'description': 'Sky is Clear', 'icon': '01n'}]",194.5,,9.75
20,27.7972,114.3773,1553551527,1786746,994.05,91,1020.26,1020.26,40.95,40.95,40.95,Yichun,,,,,,CN,"[{'id': 801, 'main': 'Clouds', 'description': 'few clouds', 'icon': '02n'}]",53.5003,,1.59
32,-19.6964,-46.1714,1553551527,3467688,904.69,65,1010.54,1010.54,77.4,77.4,77.4,Campos Altos,,,,,,BR,"[{'id': 802, 'main': 'Clouds', 'description': 'scattered clouds', 'icon': '03n'}]",157.0,,2.93
0,-1.2561,29.9905,1553551528,233070,818.45,100,1009.86,1009.86,55.17,55.17,55.17,Kabale,,,,,,UG,"[{'id': 800, 'main': 'Clear', 'description': 'Sky is Clear', 'icon': '01n'}]",321.0,,2.48
92,46.5389,138.3297,1553551529,2015852,991.01,97,1001.42,1001.42,29.61,29.61,29.61,Svetlaya,,,,,,RU,"[{'id': 804, 'main': 'Clouds', 'description': 'overcast clouds', 'icon': '04n'}]",59.5003,,11.54
88,-1.8961,11.9103,1553551529,2398929,921.89,93,1011.7,1011.7,70.29,70.29,70.29,Mbigou,,,,,,GA,"[{'id': 804, 'main': 'Clouds', 'description': 'overcast clouds', 'icon': '04n'}]",346.5,,2.04
20,13.5234,35.7607,1553551530,376332,944.05,21,1008.82,1008.82,76.77,76.77,76.77,Doka,,,,,,SD,"[{'id': 801, 'main': 'Clouds', 'description': 'few clouds', 'icon': '02n'}]",339.5,,10.98
1,40.2987,-83.068,1553551463,5151891,,45,1019.0,,45.41,48.99,39.99,Delaware,,,,,,US,"[{'id': 800, 'main': 'Clear', 'description': 'sky is clear', 'icon': '01d'}]",360.0,10.8,16.11
75,61.2163,-149.8949,1553551504,5879400,,80,1024.0,,44.02,46.99,39.99,Anchorage,,,,,,US,"[{'id': 803, 'main': 'Clouds', 'description': 'broken clouds', 'icon': '04d'}]",120.0,,3.36
1,48.9163,-123.7194,1553551527,5920668,,87,1012.0,,53.08,59.0,48.0,Chemainus,,,,,,CA,"[{'id': 800, 'main': 'Clear', 'description': 'sky is clear', 'icon': '01d'}]",,,5.82
68,6.9505,37.8567,1553551532,341877,813.57,57,1008.86,1008.86,65.43,65.43,65.43,Boditi,,,0.295,,,ET,"[{'id': 500, 'main': 'Rain', 'description': 'light rain', 'icon': '10n'}]",189.5,,2.48
0,40.1074,21.5286,1553551288,736151,,77,1011.0,,39.99,39.99,39.99,Poros,,,,,,GR,"[{'id': 800, 'main': 'Clear', 'description': 'Sky is Clear', 'icon': '01n'}]",272.5,,3.6
20,65.9451,111.5081,1553551533,2027296,952.77,36,1023.82,1023.82,-12.16,-12.16,-12.16,Aykhal,,,,,,RU,"[{'id': 801, 'main': 'Clouds', 'description': 'few clouds', 'icon': '02n'}]",247.0,,2.59
40,10.3064,-61.1751,1553551508,3573840,,62,1011.0,,83.07,84.2,82.0,Rio Claro,,,,,,TT,"[{'id': 802, 'main': 'Clouds', 'description': 'scattered clouds', 'icon': '03d'}]",110.0,,16.11
40,-4.3814,-70.033,1553547600,3665016,,74,1007.0,,83.28,84.2,82.4,Benjamin Constant,,,,,,BR,"[{'id': 802, 'main': 'Clouds', 'description': 'scattered clouds', 'icon': '03d'}]",40.0,,5.82
1,59.6441,-151.5402,1553551479,5864145,,61,1024.0,,44.83,48.0,41.0,Homer,,,,,,US,"[{'id': 800, 'main': 'Clear', 'description': 'sky is clear', 'icon': '01d'}]",180.0,,5.82
24,-9.4467,124.478,1553551535,1640576,938.69,97,1011.14,1011.14,69.21,69.21,69.21,Kefamenanu,,,,,,ID,"[{'id': 801, 'main': 'Clouds', 'description': 'few clouds', 'icon': '02n'}]",13.5003,,1.59
56,-5.6667,132.75,1553551536,1623197,1010.69,99,1011.14,1011.14,83.79,83.79,83.79,Tual,,,,,,ID,"[{'id': 803, 'main': 'Clouds', 'description': 'broken clouds', 'icon': '04n'}]",221.5,,8.63
75,44.9687,18.601,1553549400,3194231,,81,1017.0,,45.64,46.4,44.6,Obudovac,,,,,,BA,"[{'id': 500, 'main': 'Rain', 'description': 'light rain', 'icon': '10n'}]",330.0,,8.05
92,23.8602,112.0119,1553551537,1807687,984.53,96,1018.26,1018.26,58.95,58.95,58.95,Huangzhai,,,0.135,,,CN,"[{'id': 500, 'main': 'Rain', 'description': 'light rain', 'icon': '10n'}]",74.5003,,2.48
56,62.9318,152.3933,1553551537,2121373,956.77,74,1007.7,1007.7,4.59,4.59,4.59,Seymchan,,,,,,RU,"[{'id': 803, 'main': 'Clouds', 'description': 'broken clouds', 'icon': '04n'}]",349.5,,12.66
8,-21.8362,-45.402,1553551415,3467928,,68,1016.0,,75.99,75.99,75.99,Campanha,,,,,,BR,"[{'id': 800, 'main': 'Clear', 'description': 'sky is clear', 'icon': '02n'}]",224.0,2.68,5.01
92,69.4061,86.1751,1553551538,1507116,1007.65,91,1015.3,1015.3,26.1,26.1,26.1,Dudinka,,,,,,RU,"[{'id': 804, 'main': 'Clouds', 'description': 'overcast clouds', 'icon': '04n'}]",206.5,,16.8
75,43.4897,-6.1139,1553551532,6359954,,76,1028.0,,50.45,53.01,46.99,Pravia,,,,,,ES,"[{'id': 803, 'main': 'Clouds', 'description': 'broken clouds', 'icon': '04n'}]",80.0,,9.17
0,26.5897,12.7694,1553551539,2219235,949.81,54,1019.06,1019.06,55.17,55.17,55.17,Awbari,,,,,,LY,"[{'id': 800, 'main': 'Clear', 'description': 'Sky is Clear', 'icon': '01n'}]",49.5003,,6.4
48,0.5333,72.9333,1553551499,1337610,1009.17,100,1009.18,1009.18,84.24,84.24,84.24,Thinadhoo,,,,,,MV,"[{'id': 802, 'main': 'Clouds', 'description': 'scattered clouds', 'icon': '03n'}]",51.5003,,10.98
92,-3.5535,143.6268,1553551540,2083537,985.89,100,1012.26,1012.26,74.61,74.61,74.61,Wewak,,,0.575,,,PG,"[{'id': 500, 'main': 'Rain', 'description': 'light rain', 'icon': '10n'}]",185.5,,2.48
92,-15.2678,-72.3406,1553551540,3933986,580.53,96,1005.46,1005.46,40.77,40.77,40.77,Orcopampa,,,0.855,,,PE,"[{'id': 500, 'main': 'Rain', 'description': 'light rain', 'icon': '10d'}]",231.0,,3.04
40,69.6489,18.9551,1553551348,3133895,,86,1008.0,,25.07,26.6,23.0,Tromso,,,,,,NO,"[{'id': 620, 'main': 'Snow', 'description': 'light shower snow', 'icon': '13n'}]",170.0,,3.36
8,38.4167,77.2406,1553551541,1280037,881.65,61,1021.94,1021.94,43.83,43.83,43.83,Shache,,,,,,CN,"[{'id': 800, 'main': 'Clear', 'description': 'sky is clear', 'icon': '02n'}]",291.5,,7.63
48,60.4164,134.5365,1553551542,2013918,984.93,80,1017.3,1017.3,3.33,3.33,3.33,Ust-Maya,,,,,,RU,"[{'id': 802, 'main': 'Clouds', 'description': 'scattered clouds', 'icon': '03n'}]",316.0,,4.94
0,-20.189,32.6194,1553551542,893549,940.29,88,1010.1,1010.1,66.24,66.24,66.24,Chipinge,,,,,,ZW,"[{'id': 800, 'main': 'Clear', 'description': 'Sky is Clear', 'icon': '01n'}]",18.5003,,3.04
0,12.489,-16.5433,1553547600,2246901,,77,1012.0,,70.72,71.6,69.8,Oussouye,,,,,,SN,"[{'id': 800, 'main': 'Clear', 'description': 'Sky is Clear', 'icon': '01n'}]",,,9.17
0,29.1403,21.2975,1553551543,88533,1013.89,50,1017.42,1017.42,59.76,59.76,59.76,Awjilah,,,,,,LY,"[{'id': 800, 'main': 'Clear', 'description': 'Sky is Clear', 'icon': '01n'}]",313.0,,11.99
20,43.8373,-66.1157,1553551394,6185217,,40,1015.0,,35.2,35.6,35.01,Yarmouth,,,,,,CA,"[{'id': 801, 'main': 'Clouds', 'description': 'few clouds', 'icon': '02d'}]",300.0,10.3,16.11
40,26.3317,43.9717,1553547600,107304,,40,1007.0,,69.8,69.8,69.8,Buraydah,,,,,,SA,"[{'id': 802, 'main': 'Clouds', 'description': 'scattered clouds', 'icon': '03n'}]",240.0,,13.87
1,43.4935,-112.0401,1553551504,5596475,,34,1025.0,,49.75,51.01,48.2,Idaho Falls,,,,,,US,"[{'id': 800, 'main': 'Clear', 'description': 'sky is clear', 'icon': '01d'}]",,7.2,5.82
80,65.9957,57.5571,1553551544,863061,991.57,85,1000.82,1000.82,27.36,27.36,27.36,Usinsk,,,,,,RU,"[{'id': 803, 'main': 'Clouds', 'description': 'broken clouds', 'icon': '04n'}]",70.5003,,8.97
56,34.1642,77.5848,1553551544,1264976,598.93,73,1024.66,1024.66,-5.32,-5.32,-5.32,Leh,,,,,,IN,"[{'id': 803, 'main': 'Clouds', 'description': 'broken clouds', 'icon': '04n'}]",333.5,,1.14
0,45.0035,43.7873,1553551545,490108,993.65,84,1017.98,1017.98,30.87,30.87,30.87,Sotnikovskoye,,,,,,RU,"[{'id': 800, 'main': 'Clear', 'description': 'Sky is Clear', 'icon': '01n'}]",128.0,,5.61
40,-12.9289,-64.8727,1553547600,3909011,,66,1008.0,,89.6,89.6,89.6,San Rafael,,,,,,BO,"[{'id': 802, 'main': 'Clouds', 'description': 'scattered clouds', 'icon': '03d'}]",270.0,,6.93
0,41.7597,86.1469,1553551324,1529376,,38,1000.0,,46.99,46.99,46.99,Korla,,,,,,CN,"[{'id': 800, 'main': 'Clear', 'description': 'Sky is Clear', 'icon': '01n'}]",313.0,6.26,5.01
75,-14.8347,-64.9043,1553547600,3902377,,83,1008.0,,82.4,82.4,82.4,Trinidad,,,,,,BO,"[{'id': 803, 'main': 'Clouds', 'description': 'broken clouds', 'icon': '04d'}]",79.0003,,3.94
0,-36.0805,146.9163,1553551228,2178174,,76,1019.0,,49.06,51.01,48.0,Albury,,,,,,AU,"[{'id': 800, 'main': 'Clear', 'description': 'Sky is Clear', 'icon': '01n'}]",360.0,,4.7
20,-2.7243,10.02,1553551546,2400547,1010.77,98,1011.46,1011.46,81.99,81.99,81.99,Gamba,,,,,,GA,"[{'id': 801, 'main': 'Clouds', 'description': 'few clouds', 'icon': '02n'}]",322.0,,7.4
0,43.1922,-0.6116,1553551504,2989569,,61,1027.0,,47.53,50.0,44.01,Oloron-Sainte-Marie,,,,,,FR,"[{'id': 800, 'main': 'Clear', 'description': 'Sky is Clear', 'icon': '01n'}]",41.0003,,6.06
100,-44.6972,169.1364,1553551507,2184707,915.65,87,1003.82,1003.82,61.47,61.47,61.47,Wanaka,,,1.605,,,NZ,"[{'id': 500, 'main': 'Rain', 'description': 'light rain', 'icon': '10n'}]",329.5,,9.42
0,46.6808,113.2846,1553551548,2032614,891.17,45,1016.42,1016.42,18.72,18.72,18.72,Baruun-Urt,,,,,,MN,"[{'id': 800, 'main': 'Clear', 'description': 'Sky is Clear', 'icon': '01n'}]",120.5,,8.52
40,18.0384,-71.7441,1553547600,3495137,,62,1013.0,,84.2,84.2,84.2,Pedernales,,,,,,DO,"[{'id': 802, 'main': 'Clouds', 'description': 'scattered clouds', 'icon': '03d'}]",130.0,,18.34
75,47.9038,9.5984,1553551535,3220791,,86,1024.0,,33.67,37.99,30.99,Bruggen,,,,,,DE,"[{'id': 803, 'main': 'Clouds', 'description': 'broken clouds', 'icon': '04n'}]",200.0,,4.7
92,64.9555,34.5793,1553551549,551145,996.21,86,998.18,998.18,30.51,30.51,30.51,Kem,,,,,,RU,"[{'id': 804, 'main': 'Clouds', 'description': 'overcast clouds', 'icon': '04n'}]",6.00031,,13.78
20,-45.8654,-67.4808,1553547600,3860443,,58,1027.0,,59.0,59.0,59.0,Comodoro Rivadavia,,,,,,AR,"[{'id': 801, 'main': 'Clouds', 'description': 'few clouds', 'icon': '02d'}]",140.0,,6.93
75,-15.1195,39.2616,1553547600,1033356,,100,1014.0,,75.2,75.2,75.2,Nampula,,,,,,MZ,"[{'id': 803, 'main': 'Clouds', 'description': 'broken clouds', 'icon': '04n'}]",140.0,,5.82
44,29.234,56.6057,1553551550,390054,756.05,89,1011.26,1011.26,43.2,43.2,43.2,Baft,,,0.2,,,IR,"[{'id': 500, 'main': 'Rain', 'description': 'light rain', 'icon': '10n'}]",186.0,,6.73
40,56.115,47.718,1553549400,529343,,86,1001.0,,30.2,30.2,30.2,Mariinskiy Posad,,,,,,RU,"[{'id': 802, 'main': 'Clouds', 'description': 'scattered clouds', 'icon': '03n'}]",270.0,,17.9
40,31.4044,30.4164,1553547600,350203,,58,1011.0,,59.0,59.0,59.0,Rosetta,,,,,,EG,"[{'id': 802, 'main': 'Clouds', 'description': 'scattered clouds', 'icon': '03n'}]",280.0,,6.93
0,-13.71,-76.203,1553547600,3932145,,30,1008.0,,71.6,71.6,71.6,Pisco,,,,,,PE,"[{'id': 800, 'main': 'Clear', 'description': 'Sky is Clear', 'icon': '01d'}]",220.0,,21.92
44,5.1033,73.0708,1553551551,1337606,1009.89,100,1010.02,1010.02,84.15,84.15,84.15,Eydhafushi,,,,,,MV,"[{'id': 802, 'main': 'Clouds', 'description': 'scattered clouds', 'icon': '03n'}]",65.5003,,7.96
92,-37.8302,140.7843,1553547600,2156643,,71,1019.0,,50.0,50.0,50.0,Mount Gambier,,,,,,AU,"[{'id': 804, 'main': 'Clouds', 'description': 'overcast clouds', 'icon': '04n'}]",270.0,,6.93
8,11.6667,92.75,1553551552,1259385,1009.17,100,1009.54,1009.54,83.07,83.07,83.07,Port Blair,,,,,,IN,"[{'id': 800, 'main': 'Clear', 'description': 'sky is clear', 'icon': '02n'}]",46.5003,,6.17
76,61.0064,36.4511,1553551552,469960,986.45,91,999.38,999.38,30.33,30.33,30.33,Vytegra,,,,,,RU,"[{'id': 803, 'main': 'Clouds', 'description': 'broken clouds', 'icon': '04n'}]",261.0,,9.42
76,51.9602,66.4089,1553551552,1524296,983.57,93,1016.18,1016.18,36.36,36.36,36.36,Esil,,,,,,KZ,"[{'id': 803, 'main': 'Clouds', 'description': 'broken clouds', 'icon': '04n'}]",156.5,,17.13
92,-38.5473,-58.7368,1553551278,3430443,,62,1021.0,,57.99,57.99,57.99,Necochea,,,,,,AR,"[{'id': 804, 'main': 'Clouds', 'description': 'overcast clouds', 'icon': '04n'}]",135.0,3.13,5.01
0,10.6038,-67.0304,1553551553,3646190,999.57,100,1009.98,1009.98,76.5,76.5,76.5,Catia La Mar,,,,,,VE,"[{'id': 800, 'main': 'Clear', 'description': 'Sky is Clear', 'icon': '01d'}]",59.5003,,16.69
40,55.1004,-105.3013,1553547600,6050066,,32,1021.0,,41.0,41.0,41.0,La Ronge,,,,,,CA,"[{'id': 802, 'main': 'Clouds', 'description': 'scattered clouds', 'icon': '03d'}]",160.0,,11.41
40,-17.5334,-149.3334,1553551347,4033356,,62,1013.0,,87.37,87.8,87.01,Tiarei,,,,,,PF,"[{'id': 802, 'main': 'Clouds', 'description': 'scattered clouds', 'icon': '03d'}]",250.0,,8.05
80,48.6542,-53.1104,1553551210,5905393,,86,1005.0,,34.0,34.0,34.0,Bonavista,,,0.1,,0.4315,CA,"[{'id': 803, 'main': 'Clouds', 'description': 'broken clouds', 'icon': '04n'}]",254.0,4.92,7.0
32,66.8333,70.8333,1553551555,1486321,1011.01,78,1012.3,1012.3,23.94,23.94,23.94,Yar-Sale,,,,,,RU,"[{'id': 802, 'main': 'Clouds', 'description': 'scattered clouds', 'icon': '03n'}]",189.0,,12.66
75,-21.3667,55.6167,1553551515,6690296,,74,1009.0,,75.24,80.6,64.99,Saint-Joseph,,,,,,RE,"[{'id': 803, 'main': 'Clouds', 'description': 'broken clouds', 'icon': '04n'}]",40.0,,5.82
20,67.1003,15.4001,1553551326,3141548,,63,1009.0,,27.1,28.4,26.01,Rognan,,,,,,NO,"[{'id': 801, 'main': 'Clouds', 'description': 'few clouds', 'icon': '02n'}]",30.0,,10.29
0,10.2599,-85.5847,1553547600,3621607,,38,1008.0,,93.2,93.2,93.2,Santa Cruz,,,,,,CR,"[{'id': 800, 'main': 'Clear', 'description': 'Sky is Clear', 'icon': '01d'}]",70.0,,21.92
20,69.0125,23.0412,1553551557,779330,950.29,76,1006.98,1006.98,17.91,17.91,17.91,Kautokeino,,,,,,NO,"[{'id': 801, 'main': 'Clouds', 'description': 'few clouds', 'icon': '02n'}]",302.5,,8.52
76,63.05,179.3167,1553551557,2126710,964.53,91,972.14,972.14,33.84,33.84,33.84,Beringovskiy,,,,,,RU,"[{'id': 803, 'main': 'Clouds', 'description': 'broken clouds', 'icon': '04n'}]",119.5,,24.74
40,71.035,27.8517,1553547000,778707,,86,1001.0,,30.2,30.2,30.2,Mehamn,,,,,,NO,"[{'id': 620, 'main': 'Snow', 'description': 'light shower snow', 'icon': '13n'}]",270.0,,13.87
92,-5.5563,150.153,1553551558,2093967,999.81,100,1011.62,1011.62,76.23,76.23,76.23,Kimbe,,,0.575,,,PG,"[{'id': 500, 'main': 'Rain', 'description': 'light rain', 'icon': '10n'}]",136.0,,1.92
20,8.496,8.5148,1553551558,2332515,972.93,50,1009.22,1009.22,81.54,81.54,81.54,Lafia,,,,,,NG,"[{'id': 801, 'main': 'Clouds', 'description': 'few clouds', 'icon': '02n'}]",202.0,,8.19
90,40.2018,-77.1894,1553551302,5183234,,93,1018.0,,39.0,41.0,37.0,Carlisle,,1.1,,,,US,"[{'id': 501, 'main': 'Rain', 'description': 'moderate rain', 'icon': '10d'}, {'id': 701, 'main': 'Mist', 'description': 'mist', 'icon': '50d'}, {'id': 741, 'main': 'Fog', 'description': 'fog', 'icon': '50d'}]",40.0,,5.82
92,69.494,88.3908,1553551560,1490256,995.17,88,1016.54,1016.54,25.65,25.65,25.65,Talnakh,,,,,,RU,"[{'id': 804, 'main': 'Clouds', 'description': 'overcast clouds', 'icon': '04n'}]",203.5,,14.79
